env,condition,seed,n_features,connections_per_neuron,eval_return_mean,eval_return_std,train_return_mean,train_return_last10%,greedy_return_mean,best_iteration,selection_curve,time_s,params
Acrobot-v1,obs,0,4,,-488.5,30.072080074381287,-497.05121951219513,-497.5609756097561,-498.63500000000005,10,"[-500.0, -500.0, -500.0, -500.0, -490.0, -500.0, -500.0, -500.0, -500.0, -500.0, -482.7, -500.0, -500.0, -500.0, -500.0, -500.0, -500.0, -500.0, -500.0, -500.0]",25,"{'ridge': 3.990044849962015e-05, 'gamma': 0.9788813652815743}"
Acrobot-v1,filterbank,0,36,,-97.22,19.98928713086087,-150.89382530120483,-105.0909090909091,-144.535,17,"[-500.0, -361.6, -185.3, -132.6, -118.9, -126.1, -120.2, -99.1, -98.9, -103.3, -109.7, -107.6, -98.5, -102.7, -104.6, -118.1, -104.4, -93.4, -95.5, -110.2]",25,"{'decomposition': 'legendre', 'n_filters': 8, 'slowest': 0.010743558400373134, 'ridge': 1.0785641172513506e-06, 'gamma': 0.9899703570036485}"
Acrobot-v1,filterbank+esn,0,128,46.1171875,-105.5,19.59106939398664,-154.30615384615385,-117.06923076923077,-134.73999999999998,5,"[-500.0, -217.0, -113.4, -114.7, -126.5, -90.9, -119.4, -126.6, -106.7, -127.9, -112.2, -105.1, -109.5, -99.0, -105.3, -103.4, -100.2, -105.7, -106.8, -104.5]",43,"{'decomposition': 'ema', 'n_filters': 8, 'slowest': 0.02424311605552575, 'input_scaling': 0.23890285335468306, 'bias_dist': 'foldnorm', 'bias_scaling': 0.3398397296773262, 'lr': 0.282566313495763, 'sr': 1.070219475098902, 'rc_connectivity': 0.36030333990602154, 'ridge': 6.377651348741906e-05, 'gamma': 0.9958784943268313}"
Acrobot-v1,filterbank+hag,0,192,3.65625,-129.24,60.549999174236156,-171.94430162810625,-123.00862068965517,-131.33999999999997,4,"[-160.4, -222.8, -167.5, -118.7, -104.6, -121.9, -144.0, -128.9, -136.6, -124.9, -122.0, -122.0, -114.1, -117.2, -126.8, -112.4, -110.7, -146.2, -109.0, -116.1]",59,"{'decomposition': 'ema', 'n_filters': 12, 'slowest': 0.08465257358157317, 'input_scaling': 0.6147507900095668, 'bias_dist': 'foldnorm', 'bias_scaling': 0.1478917037402111, 'lr': 0.7347734473249566, 'weight_increment': 0.0010874485956733448, 'min_window': 6, 'max_window': 8, 'use_full_instance': True, 'max_partners': 50, 'homeostasis': 'mean', 'target': 0.78, 'spread': 0.33, 'ridge': 1.3759406540194914e-06, 'gamma': 0.9963805691127792}"
Acrobot-v1,filterbank+proj,0,192,0.0,-133.82,44.499748313895,-183.30601092896174,-143.8165137614679,-147.20999999999998,12,"[-145.6, -184.9, -167.6, -167.3, -168.9, -166.3, -164.5, -135.7, -160.3, -164.1, -140.7, -126.1, -116.6, -138.1, -126.5, -123.7, -154.5, -124.6, -132.0, -136.2]",59,"{'decomposition': 'ema', 'n_filters': 12, 'slowest': 0.08465257358157317, 'input_scaling': 0.6147507900095668, 'bias_dist': 'foldnorm', 'bias_scaling': 0.1478917037402111, 'lr': 0.7347734473249566, 'weight_increment': 0.0010874485956733448, 'min_window': 6, 'max_window': 8, 'use_full_instance': True, 'max_partners': 50, 'homeostasis': 'mean', 'target': 0.78, 'spread': 0.33, 'ridge': 1.3759406540194914e-06, 'gamma': 0.9963805691127792}"
Acrobot-v1,obs,1,4,,-484.78,29.697333213606907,-499.9551122194514,-500.0,-498.495,4,"[-500.0, -500.0, -500.0, -500.0, -480.3, -500.0, -500.0, -500.0, -500.0, -489.6, -500.0, -500.0, -500.0, -500.0, -500.0, -500.0, -500.0, -500.0, -500.0, -500.0]",25,"{'ridge': 3.990044849962015e-05, 'gamma': 0.9788813652815743}"
Acrobot-v1,filterbank,1,36,,-98.16,22.542723881554334,-159.1225139220366,-116.144,-139.76,11,"[-437.5, -323.6, -135.4, -122.5, -138.9, -103.2, -97.6, -118.9, -117.9, -117.0, -126.7, -93.9, -107.9, -106.5, -119.4, -118.7, -101.6, -102.7, -108.5, -96.8]",25,"{'decomposition': 'legendre', 'n_filters': 8, 'slowest': 0.010743558400373134, 'ridge': 1.0785641172513506e-06, 'gamma': 0.9899703570036485}"
Acrobot-v1,filterbank+esn,1,128,46.1171875,-106.82,18.783705704679253,-153.9869331283628,-112.72307692307692,-131.54,8,"[-500.0, -129.7, -155.9, -120.0, -104.1, -107.6, -101.2, -115.1, -95.5, -104.4, -117.5, -105.7, -105.8, -118.8, -109.3, -106.3, -111.4, -107.6, -112.7, -102.2]",43,"{'decomposition': 'ema', 'n_filters': 8, 'slowest': 0.02424311605552575, 'input_scaling': 0.23890285335468306, 'bias_dist': 'foldnorm', 'bias_scaling': 0.3398397296773262, 'lr': 0.282566313495763, 'sr': 1.070219475098902, 'rc_connectivity': 0.36030333990602154, 'ridge': 6.377651348741906e-05, 'gamma': 0.9958784943268313}"
Acrobot-v1,filterbank+hag,1,192,3.5833333333333335,-110.24,25.61527669184934,-158.91620553359684,-122.80952380952381,-121.165,14,"[-230.3, -127.6, -114.5, -108.9, -97.5, -111.8, -116.6, -120.8, -116.3, -114.6, -121.1, -110.7, -109.9, -127.3, -95.9, -132.7, -130.0, -108.5, -117.5, -110.8]",60,"{'decomposition': 'ema', 'n_filters': 12, 'slowest': 0.08465257358157317, 'input_scaling': 0.6147507900095668, 'bias_dist': 'foldnorm', 'bias_scaling': 0.1478917037402111, 'lr': 0.7347734473249566, 'weight_increment': 0.0010874485956733448, 'min_window': 6, 'max_window': 8, 'use_full_instance': True, 'max_partners': 50, 'homeostasis': 'mean', 'target': 0.78, 'spread': 0.33, 'ridge': 1.3759406540194914e-06, 'gamma': 0.9963805691127792}"
Acrobot-v1,filterbank+proj,1,192,0.0,-102.46,25.801713121418896,-148.6108228317272,-111.85074626865672,-118.01499999999996,3,"[-157.6, -101.7, -108.7, -91.0, -124.2, -114.3, -111.6, -122.4, -129.2, -123.3, -110.2, -117.2, -115.9, -138.7, -107.5, -128.2, -125.0, -115.2, -105.7, -112.7]",58,"{'decomposition': 'ema', 'n_filters': 12, 'slowest': 0.08465257358157317, 'input_scaling': 0.6147507900095668, 'bias_dist': 'foldnorm', 'bias_scaling': 0.1478917037402111, 'lr': 0.7347734473249566, 'weight_increment': 0.0010874485956733448, 'min_window': 6, 'max_window': 8, 'use_full_instance': True, 'max_partners': 50, 'homeostasis': 'mean', 'target': 0.78, 'spread': 0.33, 'ridge': 1.3759406540194914e-06, 'gamma': 0.9963805691127792}"
Acrobot-v1,obs,2,4,,-346.14,126.18557920776843,-459.8063063063063,-412.34090909090907,-394.61499999999995,10,"[-332.5, -423.2, -500.0, -480.7, -500.0, -500.0, -414.1, -429.1, -326.5, -417.8, -311.5, -362.0, -328.4, -422.6, -387.7, -330.3, -319.5, -345.5, -375.2, -385.7]",20,"{'ridge': 3.990044849962015e-05, 'gamma': 0.9788813652815743}"
Acrobot-v1,filterbank,2,36,,-111.32,26.565722275142456,-168.29208754208753,-120.97457627118644,-132.02999999999997,19,"[-141.5, -191.8, -128.5, -117.0, -134.8, -158.1, -136.4, -148.3, -126.4, -156.3, -126.2, -124.6, -127.3, -123.1, -125.2, -126.7, -106.7, -126.3, -121.7, -93.7]",22,"{'decomposition': 'legendre', 'n_filters': 8, 'slowest': 0.010743558400373134, 'ridge': 1.0785641172513506e-06, 'gamma': 0.9899703570036485}"
Acrobot-v1,filterbank+esn,2,128,46.1171875,-107.18,20.979694945351326,-160.37550040032025,-118.63709677419355,-125.26999999999998,11,"[-267.4, -183.7, -120.2, -106.1, -109.8, -102.4, -122.0, -121.9, -114.1, -115.2, -112.0, -101.9, -115.4, -113.5, -126.4, -126.0, -115.2, -108.2, -113.9, -110.1]",40,"{'decomposition': 'ema', 'n_filters': 8, 'slowest': 0.02424311605552575, 'input_scaling': 0.23890285335468306, 'bias_dist': 'foldnorm', 'bias_scaling': 0.3398397296773262, 'lr': 0.282566313495763, 'sr': 1.070219475098902, 'rc_connectivity': 0.36030333990602154, 'ridge': 6.377651348741906e-05, 'gamma': 0.9958784943268313}"
Acrobot-v1,filterbank+hag,2,192,2.0989583333333335,-111.66,23.272825354906956,-150.11552888222056,-112.00751879699249,-111.465,12,"[-158.3, -123.5, -99.5, -107.8, -103.7, -107.4, -108.6, -105.2, -100.0, -110.9, -120.7, -109.6, -95.4, -108.4, -105.4, -103.5, -115.6, -121.5, -116.5, -107.8]",55,"{'decomposition': 'ema', 'n_filters': 12, 'slowest': 0.08465257358157317, 'input_scaling': 0.6147507900095668, 'bias_dist': 'foldnorm', 'bias_scaling': 0.1478917037402111, 'lr': 0.7347734473249566, 'weight_increment': 0.0010874485956733448, 'min_window': 6, 'max_window': 8, 'use_full_instance': True, 'max_partners': 50, 'homeostasis': 'mean', 'target': 0.78, 'spread': 0.33, 'ridge': 1.3759406540194914e-06, 'gamma': 0.9963805691127792}"
Acrobot-v1,filterbank+proj,2,192,0.0,-105.48,23.49403328507049,-148.93085501858735,-110.11940298507463,-112.35000000000002,10,"[-183.0, -149.0, -100.4, -113.1, -108.6, -94.1, -111.6, -103.0, -104.2, -94.8, -87.0, -99.1, -117.6, -149.4, -110.6, -104.3, -127.5, -87.9, -104.8, -97.0]",56,"{'decomposition': 'ema', 'n_filters': 12, 'slowest': 0.08465257358157317, 'input_scaling': 0.6147507900095668, 'bias_dist': 'foldnorm', 'bias_scaling': 0.1478917037402111, 'lr': 0.7347734473249566, 'weight_increment': 0.0010874485956733448, 'min_window': 6, 'max_window': 8, 'use_full_instance': True, 'max_partners': 50, 'homeostasis': 'mean', 'target': 0.78, 'spread': 0.33, 'ridge': 1.3759406540194914e-06, 'gamma': 0.9963805691127792}"
Acrobot-v1,obs,3,4,,-216.12,124.35411372367221,-371.6764705882353,-225.57407407407408,-382.38,12,"[-500.0, -500.0, -500.0, -500.0, -500.0, -500.0, -500.0, -500.0, -500.0, -500.0, -500.0, -261.8, -178.8, -225.8, -251.4, -198.0, -249.3, -255.6, -247.7, -279.2]",22,"{'ridge': 3.990044849962015e-05, 'gamma': 0.9788813652815743}"
Acrobot-v1,filterbank,3,36,,-95.64,25.771891665145578,-156.76971116315377,-107.6328125,-145.01000000000002,17,"[-342.8, -336.5, -316.6, -169.9, -124.3, -133.8, -104.1, -127.0, -106.1, -93.0, -96.5, -103.1, -116.3, -92.6, -107.7, -102.5, -111.4, -90.4, -117.2, -108.4]",25,"{'decomposition': 'legendre', 'n_filters': 8, 'slowest': 0.010743558400373134, 'ridge': 1.0785641172513506e-06, 'gamma': 0.9899703570036485}"
Acrobot-v1,filterbank+esn,3,128,46.1171875,-110.18,29.609248555138983,-154.903400309119,-112.21705426356588,-132.13000000000002,13,"[-383.8, -201.1, -198.9, -107.9, -144.7, -114.8, -107.3, -112.4, -105.3, -113.9, -106.0, -100.0, -130.1, -87.3, -104.5, -101.3, -110.2, -119.4, -94.9, -98.8]",43,"{'decomposition': 'ema', 'n_filters': 8, 'slowest': 0.02424311605552575, 'input_scaling': 0.23890285335468306, 'bias_dist': 'foldnorm', 'bias_scaling': 0.3398397296773262, 'lr': 0.282566313495763, 'sr': 1.070219475098902, 'rc_connectivity': 0.36030333990602154, 'ridge': 6.377651348741906e-05, 'gamma': 0.9958784943268313}"
Acrobot-v1,filterbank+hag,3,192,4.067708333333333,-120.08,29.451546648690623,-169.6776649746193,-130.25423728813558,-128.895,3,"[-152.3, -169.1, -125.3, -108.6, -119.4, -138.5, -109.3, -134.9, -141.3, -144.2, -115.1, -120.0, -112.8, -127.7, -126.5, -127.6, -122.0, -135.2, -119.9, -128.2]",58,"{'decomposition': 'ema', 'n_filters': 12, 'slowest': 0.08465257358157317, 'input_scaling': 0.6147507900095668, 'bias_dist': 'foldnorm', 'bias_scaling': 0.1478917037402111, 'lr': 0.7347734473249566, 'weight_increment': 0.0010874485956733448, 'min_window': 6, 'max_window': 8, 'use_full_instance': True, 'max_partners': 50, 'homeostasis': 'mean', 'target': 0.78, 'spread': 0.33, 'ridge': 1.3759406540194914e-06, 'gamma': 0.9963805691127792}"
Acrobot-v1,filterbank+proj,3,192,0.0,-113.2,35.24088534642681,-166.40331950207468,-123.75,-134.09500000000003,12,"[-474.5, -123.3, -126.5, -106.0, -104.2, -112.3, -101.2, -108.2, -103.3, -102.4, -119.3, -124.3, -92.6, -128.7, -135.7, -122.0, -130.3, -125.8, -121.0, -120.3]",56,"{'decomposition': 'ema', 'n_filters': 12, 'slowest': 0.08465257358157317, 'input_scaling': 0.6147507900095668, 'bias_dist': 'foldnorm', 'bias_scaling': 0.1478917037402111, 'lr': 0.7347734473249566, 'weight_increment': 0.0010874485956733448, 'min_window': 6, 'max_window': 8, 'use_full_instance': True, 'max_partners': 50, 'homeostasis': 'mean', 'target': 0.78, 'spread': 0.33, 'ridge': 1.3759406540194914e-06, 'gamma': 0.9963805691127792}"
Acrobot-v1,obs,4,4,,-248.24,108.75156274739227,-350.7651122625216,-249.859649122807,-323.555,10,"[-474.0, -490.9, -500.0, -482.5, -492.7, -253.8, -405.1, -260.9, -390.8, -201.7, -182.6, -255.1, -219.9, -253.5, -212.3, -252.7, -347.8, -249.8, -322.9, -222.1]",21,"{'ridge': 3.990044849962015e-05, 'gamma': 0.9788813652815743}"
Acrobot-v1,filterbank,4,36,,-265.66,79.16327683970643,-387.43619047619046,-409.46153846153845,-364.44,4,"[-249.5, -353.5, -226.2, -320.7, -223.4, -360.6, -347.7, -413.2, -358.7, -311.2, -416.1, -403.8, -401.9, -413.6, -405.9, -409.5, -417.4, -436.0, -463.3, -356.6]",29,"{'decomposition': 'legendre', 'n_filters': 8, 'slowest': 0.010743558400373134, 'ridge': 1.0785641172513506e-06, 'gamma': 0.9899703570036485}"
Acrobot-v1,filterbank+esn,4,128,46.1171875,-128.24,32.73930970561231,-170.79795396419436,-133.0940170940171,-146.03,2,"[-209.4, -279.1, -103.8, -130.3, -143.1, -139.0, -168.2, -145.6, -155.6, -122.9, -130.3, -125.8, -112.7, -122.0, -135.9, -147.5, -117.4, -126.5, -129.3, -176.2]",44,"{'decomposition': 'ema', 'n_filters': 8, 'slowest': 0.02424311605552575, 'input_scaling': 0.23890285335468306, 'bias_dist': 'foldnorm', 'bias_scaling': 0.3398397296773262, 'lr': 0.282566313495763, 'sr': 1.070219475098902, 'rc_connectivity': 0.36030333990602154, 'ridge': 6.377651348741906e-05, 'gamma': 0.9958784943268313}"
Acrobot-v1,filterbank+hag,4,192,2.0989583333333335,-89.42,17.38170302358201,-149.3910447761194,-113.98507462686567,-125.28500000000001,4,"[-471.4, -167.6, -103.3, -98.7, -92.2, -96.2, -106.4, -98.9, -95.9, -103.4, -124.0, -95.5, -96.7, -100.9, -116.6, -111.2, -112.1, -117.5, -94.3, -102.9]",58,"{'decomposition': 'ema', 'n_filters': 12, 'slowest': 0.08465257358157317, 'input_scaling': 0.6147507900095668, 'bias_dist': 'foldnorm', 'bias_scaling': 0.1478917037402111, 'lr': 0.7347734473249566, 'weight_increment': 0.0010874485956733448, 'min_window': 6, 'max_window': 8, 'use_full_instance': True, 'max_partners': 50, 'homeostasis': 'mean', 'target': 0.78, 'spread': 0.33, 'ridge': 1.3759406540194914e-06, 'gamma': 0.9963805691127792}"
Acrobot-v1,filterbank+proj,4,192,0.0,-98.12,24.751274714648538,-142.5273631840796,-110.74285714285715,-110.91499999999999,16,"[-360.2, -143.4, -88.8, -105.6, -94.3, -90.4, -86.5, -95.4, -88.7, -108.6, -87.8, -92.6, -102.1, -114.6, -93.9, -98.9, -83.6, -94.2, -88.8, -99.9]",57,"{'decomposition': 'ema', 'n_filters': 12, 'slowest': 0.08465257358157317, 'input_scaling': 0.6147507900095668, 'bias_dist': 'foldnorm', 'bias_scaling': 0.1478917037402111, 'lr': 0.7347734473249566, 'weight_increment': 0.0010874485956733448, 'min_window': 6, 'max_window': 8, 'use_full_instance': True, 'max_partners': 50, 'homeostasis': 'mean', 'target': 0.78, 'spread': 0.33, 'ridge': 1.3759406540194914e-06, 'gamma': 0.9963805691127792}"
Acrobot-v1,obs,5,4,,-244.66,133.44416210535402,-360.6883802816901,-261.0357142857143,-300.44500000000005,7,"[-498.0, -419.9, -272.8, -377.0, -242.1, -269.0, -232.9, -170.5, -264.6, -223.2, -322.4, -321.3, -381.4, -277.0, -269.8, -258.2, -351.0, -268.0, -293.7, -296.1]",21,"{'ridge': 3.990044849962015e-05, 'gamma': 0.9788813652815743}"
Acrobot-v1,filterbank,5,36,,-114.58,43.43919428350392,-187.00834105653382,-127.57943925233644,-164.35999999999999,12,"[-430.4, -352.4, -308.7, -162.0, -138.8, -151.7, -184.3, -117.7, -174.3, -104.2, -122.5, -127.2, -97.8, -122.4, -115.9, -110.8, -115.7, -113.4, -118.7, -118.3]",25,"{'decomposition': 'legendre', 'n_filters': 8, 'slowest': 0.010743558400373134, 'ridge': 1.0785641172513506e-06, 'gamma': 0.9899703570036485}"
Acrobot-v1,filterbank+esn,5,128,46.1171875,-111.0,36.95835494174491,-162.41000807102503,-121.91056910569105,-138.71999999999997,14,"[-414.2, -300.9, -140.9, -147.0, -114.4, -128.1, -103.5, -101.5, -107.8, -104.2, -124.7, -114.9, -113.3, -111.7, -94.7, -99.6, -105.1, -123.8, -119.7, -104.4]",43,"{'decomposition': 'ema', 'n_filters': 8, 'slowest': 0.02424311605552575, 'input_scaling': 0.23890285335468306, 'bias_dist': 'foldnorm', 'bias_scaling': 0.3398397296773262, 'lr': 0.282566313495763, 'sr': 1.070219475098902, 'rc_connectivity': 0.36030333990602154, 'ridge': 6.377651348741906e-05, 'gamma': 0.9958784943268313}"
Acrobot-v1,filterbank+hag,5,192,3.53125,-115.14,42.73734198566869,-171.01955782312925,-136.8034188034188,-133.04,5,"[-133.6, -152.9, -160.4, -114.2, -113.9, -104.2, -132.0, -191.0, -121.1, -124.0, -117.1, -127.3, -138.9, -158.6, -115.7, -125.3, -149.6, -123.1, -128.9, -129.0]",59,"{'decomposition': 'ema', 'n_filters': 12, 'slowest': 0.08465257358157317, 'input_scaling': 0.6147507900095668, 'bias_dist': 'foldnorm', 'bias_scaling': 0.1478917037402111, 'lr': 0.7347734473249566, 'weight_increment': 0.0010874485956733448, 'min_window': 6, 'max_window': 8, 'use_full_instance': True, 'max_partners': 50, 'homeostasis': 'mean', 'target': 0.78, 'spread': 0.33, 'ridge': 1.3759406540194914e-06, 'gamma': 0.9963805691127792}"
Acrobot-v1,filterbank+proj,5,192,0.0,-120.78,36.47974232365136,-151.34039334341907,-126.13636363636364,-117.24499999999998,6,"[-213.8, -116.9, -121.0, -101.5, -111.0, -105.9, -99.4, -108.3, -106.8, -105.9, -122.3, -116.5, -114.6, -107.9, -111.2, -105.2, -115.3, -130.2, -114.6, -116.6]",57,"{'decomposition': 'ema', 'n_filters': 12, 'slowest': 0.08465257358157317, 'input_scaling': 0.6147507900095668, 'bias_dist': 'foldnorm', 'bias_scaling': 0.1478917037402111, 'lr': 0.7347734473249566, 'weight_increment': 0.0010874485956733448, 'min_window': 6, 'max_window': 8, 'use_full_instance': True, 'max_partners': 50, 'homeostasis': 'mean', 'target': 0.78, 'spread': 0.33, 'ridge': 1.3759406540194914e-06, 'gamma': 0.9963805691127792}"
Acrobot-v1,obs,6,4,,-291.16,141.12736942209332,-471.8683602771363,-451.72093023255815,-446.25,8,"[-500.0, -500.0, -500.0, -500.0, -480.9, -500.0, -500.0, -461.2, -230.3, -465.5, -348.3, -272.4, -442.3, -454.5, -427.0, -477.1, -493.2, -458.5, -465.1, -448.7]",22,"{'ridge': 3.990044849962015e-05, 'gamma': 0.9788813652815743}"
Acrobot-v1,filterbank,6,36,,-125.04,32.23535946751641,-183.9352189781022,-119.55045871559633,-170.855,16,"[-463.5, -500.0, -256.7, -149.1, -153.5, -129.1, -130.7, -122.3, -126.9, -128.4, -134.8, -156.4, -129.1, -133.5, -112.3, -135.3, -109.2, -117.7, -110.0, -118.6]",25,"{'decomposition': 'legendre', 'n_filters': 8, 'slowest': 0.010743558400373134, 'ridge': 1.0785641172513506e-06, 'gamma': 0.9899703570036485}"
Acrobot-v1,filterbank+esn,6,128,46.1171875,-210.22,56.14384739221209,-308.10574018126886,-290.40909090909093,-253.07,10,"[-333.6, -287.5, -339.9, -233.8, -238.0, -204.7, -227.5, -227.5, -225.5, -215.2, -199.2, -210.0, -214.6, -225.9, -280.2, -245.5, -317.9, -258.4, -234.1, -342.4]",45,"{'decomposition': 'ema', 'n_filters': 8, 'slowest': 0.02424311605552575, 'input_scaling': 0.23890285335468306, 'bias_dist': 'foldnorm', 'bias_scaling': 0.3398397296773262, 'lr': 0.282566313495763, 'sr': 1.070219475098902, 'rc_connectivity': 0.36030333990602154, 'ridge': 6.377651348741906e-05, 'gamma': 0.9958784943268313}"
Acrobot-v1,filterbank+hag,6,192,1.9114583333333333,-123.44,41.050778311744594,-150.9336850037679,-114.1590909090909,-115.46,13,"[-137.2, -135.1, -156.4, -112.6, -127.5, -107.5, -104.0, -105.5, -102.7, -102.3, -125.1, -119.0, -114.3, -99.0, -108.4, -107.5, -114.7, -99.3, -122.7, -108.4]",59,"{'decomposition': 'ema', 'n_filters': 12, 'slowest': 0.08465257358157317, 'input_scaling': 0.6147507900095668, 'bias_dist': 'foldnorm', 'bias_scaling': 0.1478917037402111, 'lr': 0.7347734473249566, 'weight_increment': 0.0010874485956733448, 'min_window': 6, 'max_window': 8, 'use_full_instance': True, 'max_partners': 50, 'homeostasis': 'mean', 'target': 0.78, 'spread': 0.33, 'ridge': 1.3759406540194914e-06, 'gamma': 0.9963805691127792}"
Acrobot-v1,filterbank+proj,6,192,0.0,-104.7,21.58077848456816,-146.81611721611722,-114.02941176470588,-115.85499999999999,19,"[-240.0, -106.2, -102.6, -100.8, -120.0, -106.5, -116.4, -112.7, -118.7, -108.8, -117.8, -102.3, -108.7, -116.0, -105.5, -108.0, -99.1, -111.6, -117.3, -98.1]",55,"{'decomposition': 'ema', 'n_filters': 12, 'slowest': 0.08465257358157317, 'input_scaling': 0.6147507900095668, 'bias_dist': 'foldnorm', 'bias_scaling': 0.1478917037402111, 'lr': 0.7347734473249566, 'weight_increment': 0.0010874485956733448, 'min_window': 6, 'max_window': 8, 'use_full_instance': True, 'max_partners': 50, 'homeostasis': 'mean', 'target': 0.78, 'spread': 0.33, 'ridge': 1.3759406540194914e-06, 'gamma': 0.9963805691127792}"
Acrobot-v1,obs,7,4,,-485.96,43.3386478792313,-499.6352357320099,-500.0,-498.11,10,"[-500.0, -500.0, -500.0, -500.0, -500.0, -500.0, -500.0, -500.0, -500.0, -500.0, -467.5, -500.0, -494.7, -500.0, -500.0, -500.0, -500.0, -500.0, -500.0, -500.0]",23,"{'ridge': 3.990044849962015e-05, 'gamma': 0.9788813652815743}"
Acrobot-v1,filterbank,7,36,,-106.06,28.56810109195219,-224.0376522702104,-111.71111111111111,-229.77999999999997,19,"[-500.0, -347.8, -429.1, -472.0, -362.5, -308.1, -263.5, -250.5, -252.0, -183.1, -173.1, -165.3, -129.9, -141.3, -112.2, -96.1, -117.5, -103.3, -98.4, -89.9]",26,"{'decomposition': 'legendre', 'n_filters': 8, 'slowest': 0.010743558400373134, 'ridge': 1.0785641172513506e-06, 'gamma': 0.9899703570036485}"
Acrobot-v1,filterbank+esn,7,128,46.1171875,-131.56,52.92188961101068,-187.1328996282528,-135.85981308411215,-154.05,9,"[-371.7, -245.1, -205.4, -184.1, -134.3, -181.3, -137.3, -128.8, -125.0, -103.6, -147.7, -133.0, -119.1, -131.7, -120.3, -120.0, -119.3, -128.3, -119.8, -125.2]",43,"{'decomposition': 'ema', 'n_filters': 8, 'slowest': 0.02424311605552575, 'input_scaling': 0.23890285335468306, 'bias_dist': 'foldnorm', 'bias_scaling': 0.3398397296773262, 'lr': 0.282566313495763, 'sr': 1.070219475098902, 'rc_connectivity': 0.36030333990602154, 'ridge': 6.377651348741906e-05, 'gamma': 0.9958784943268313}"
Acrobot-v1,filterbank+hag,7,192,1.9375,-107.92,26.253258845331946,-149.20758928571428,-117.02985074626865,-114.05,2,"[-153.0, -122.9, -98.8, -116.9, -99.2, -116.4, -116.9, -110.1, -114.1, -123.3, -105.6, -120.2, -119.1, -117.7, -107.0, -121.9, -101.6, -101.6, -106.3, -108.4]",57,"{'decomposition': 'ema', 'n_filters': 12, 'slowest': 0.08465257358157317, 'input_scaling': 0.6147507900095668, 'bias_dist': 'foldnorm', 'bias_scaling': 0.1478917037402111, 'lr': 0.7347734473249566, 'weight_increment': 0.0010874485956733448, 'min_window': 6, 'max_window': 8, 'use_full_instance': True, 'max_partners': 50, 'homeostasis': 'mean', 'target': 0.78, 'spread': 0.33, 'ridge': 1.3759406540194914e-06, 'gamma': 0.9963805691127792}"
Acrobot-v1,filterbank+proj,7,192,0.0,-108.54,26.75384832131632,-154.763299922899,-121.90697674418605,-113.84499999999998,14,"[-165.7, -132.3, -113.7, -107.2, -140.0, -99.3, -116.0, -120.7, -112.7, -109.6, -113.8, -109.0, -112.0, -114.4, -92.8, -105.5, -110.5, -105.5, -96.2, -100.0]",55,"{'decomposition': 'ema', 'n_filters': 12, 'slowest': 0.08465257358157317, 'input_scaling': 0.6147507900095668, 'bias_dist': 'foldnorm', 'bias_scaling': 0.1478917037402111, 'lr': 0.7347734473249566, 'weight_increment': 0.0010874485956733448, 'min_window': 6, 'max_window': 8, 'use_full_instance': True, 'max_partners': 50, 'homeostasis': 'mean', 'target': 0.78, 'spread': 0.33, 'ridge': 1.3759406540194914e-06, 'gamma': 0.9963805691127792}"
Acrobot-v1,obs,8,4,,-244.76,134.9208004719806,-352.02430555555554,-269.3157894736842,-358.07500000000005,13,"[-500.0, -496.1, -459.3, -484.2, -438.8, -415.5, -375.4, -500.0, -458.3, -208.5, -283.0, -245.0, -301.9, -181.7, -249.1, -234.7, -324.1, -368.2, -299.6, -338.1]",21,"{'ridge': 3.990044849962015e-05, 'gamma': 0.9788813652815743}"
Acrobot-v1,filterbank,8,36,,-173.36,64.21830268700661,-241.2,-170.64285714285714,-199.63,12,"[-275.0, -408.2, -238.6, -273.7, -250.0, -161.2, -226.3, -170.2, -182.0, -160.1, -194.0, -149.4, -132.7, -161.0, -164.7, -163.4, -168.0, -178.4, -171.5, -164.2]",26,"{'decomposition': 'legendre', 'n_filters': 8, 'slowest': 0.010743558400373134, 'ridge': 1.0785641172513506e-06, 'gamma': 0.9899703570036485}"
Acrobot-v1,filterbank+esn,8,128,46.1171875,-119.82,52.0832756266347,-159.88482922954725,-109.992,-124.55,7,"[-277.6, -227.8, -107.3, -112.8, -148.0, -156.1, -111.9, -91.4, -107.5, -102.3, -100.1, -98.2, -103.7, -120.3, -113.2, -98.3, -104.0, -101.7, -92.8, -116.0]",43,"{'decomposition': 'ema', 'n_filters': 8, 'slowest': 0.02424311605552575, 'input_scaling': 0.23890285335468306, 'bias_dist': 'foldnorm', 'bias_scaling': 0.3398397296773262, 'lr': 0.282566313495763, 'sr': 1.070219475098902, 'rc_connectivity': 0.36030333990602154, 'ridge': 6.377651348741906e-05, 'gamma': 0.9958784943268313}"
Acrobot-v1,filterbank+hag,8,192,1.9739583333333333,-103.66,23.076923538461532,-155.25019305019305,-117.82170542635659,-114.045,19,"[-215.3, -110.9, -101.2, -101.4, -112.8, -100.0, -109.3, -108.5, -133.0, -97.5, -112.4, -123.6, -122.4, -97.1, -105.3, -125.3, -97.9, -117.8, -98.2, -91.0]",57,"{'decomposition': 'ema', 'n_filters': 12, 'slowest': 0.08465257358157317, 'input_scaling': 0.6147507900095668, 'bias_dist': 'foldnorm', 'bias_scaling': 0.1478917037402111, 'lr': 0.7347734473249566, 'weight_increment': 0.0010874485956733448, 'min_window': 6, 'max_window': 8, 'use_full_instance': True, 'max_partners': 50, 'homeostasis': 'mean', 'target': 0.78, 'spread': 0.33, 'ridge': 1.3759406540194914e-06, 'gamma': 0.9963805691127792}"
Acrobot-v1,filterbank+proj,8,192,0.0,-97.1,25.152534663528446,-144.36808051761324,-123.23741007194245,-117.15500000000002,6,"[-205.3, -136.4, -138.3, -102.9, -110.5, -99.5, -86.2, -93.2, -103.3, -100.7, -105.4, -104.7, -126.6, -101.5, -131.5, -111.8, -108.6, -111.9, -136.9, -127.9]",55,"{'decomposition': 'ema', 'n_filters': 12, 'slowest': 0.08465257358157317, 'input_scaling': 0.6147507900095668, 'bias_dist': 'foldnorm', 'bias_scaling': 0.1478917037402111, 'lr': 0.7347734473249566, 'weight_increment': 0.0010874485956733448, 'min_window': 6, 'max_window': 8, 'use_full_instance': True, 'max_partners': 50, 'homeostasis': 'mean', 'target': 0.78, 'spread': 0.33, 'ridge': 1.3759406540194914e-06, 'gamma': 0.9963805691127792}"
Acrobot-v1,obs,9,4,,-500.0,0.0,-499.8229426433915,-500.0,-500.0,0,"[-500.0, -500.0, -500.0, -500.0, -500.0, -500.0, -500.0, -500.0, -500.0, -500.0, -500.0, -500.0, -500.0, -500.0, -500.0, -500.0, -500.0, -500.0, -500.0, -500.0]",23,"{'ridge': 3.990044849962015e-05, 'gamma': 0.9788813652815743}"
Acrobot-v1,filterbank,9,36,,-129.42,33.13130845590014,-187.31500465983225,-145.10280373831776,-169.20499999999998,9,"[-495.4, -239.6, -220.5, -200.1, -164.6, -118.0, -150.9, -128.6, -138.4, -117.8, -134.2, -157.9, -121.4, -160.1, -129.3, -137.1, -151.9, -147.6, -144.5, -126.2]",25,"{'decomposition': 'legendre', 'n_filters': 8, 'slowest': 0.010743558400373134, 'ridge': 1.0785641172513506e-06, 'gamma': 0.9899703570036485}"
Acrobot-v1,filterbank+esn,9,128,46.1171875,-101.8,24.932709439609646,-157.25508607198748,-116.70866141732283,-133.85,16,"[-500.0, -194.3, -135.0, -125.8, -99.3, -107.1, -93.8, -115.1, -122.6, -108.3, -95.8, -105.2, -96.5, -113.1, -107.6, -111.0, -92.6, -106.9, -123.8, -123.2]",43,"{'decomposition': 'ema', 'n_filters': 8, 'slowest': 0.02424311605552575, 'input_scaling': 0.23890285335468306, 'bias_dist': 'foldnorm', 'bias_scaling': 0.3398397296773262, 'lr': 0.282566313495763, 'sr': 1.070219475098902, 'rc_connectivity': 0.36030333990602154, 'ridge': 6.377651348741906e-05, 'gamma': 0.9958784943268313}"
Acrobot-v1,filterbank+hag,9,192,3.578125,-135.86,36.35492263779418,-173.51637931034483,-131.51724137931035,-145.08499999999998,6,"[-367.2, -184.5, -155.5, -138.2, -133.2, -128.4, -118.4, -119.9, -120.8, -162.2, -120.8, -131.1, -124.8, -123.5, -134.6, -124.1, -129.6, -134.6, -131.7, -118.6]",59,"{'decomposition': 'ema', 'n_filters': 12, 'slowest': 0.08465257358157317, 'input_scaling': 0.6147507900095668, 'bias_dist': 'foldnorm', 'bias_scaling': 0.1478917037402111, 'lr': 0.7347734473249566, 'weight_increment': 0.0010874485956733448, 'min_window': 6, 'max_window': 8, 'use_full_instance': True, 'max_partners': 50, 'homeostasis': 'mean', 'target': 0.78, 'spread': 0.33, 'ridge': 1.3759406540194914e-06, 'gamma': 0.9963805691127792}"
Acrobot-v1,filterbank+proj,9,192,0.0,-115.9,26.099233705225906,-162.64615384615385,-123.65040650406505,-129.57999999999998,17,"[-326.2, -145.4, -144.7, -125.8, -109.6, -127.8, -111.8, -124.7, -108.2, -114.0, -116.7, -117.7, -113.3, -113.1, -121.9, -122.4, -111.8, -104.9, -115.9, -115.7]",55,"{'decomposition': 'ema', 'n_filters': 12, 'slowest': 0.08465257358157317, 'input_scaling': 0.6147507900095668, 'bias_dist': 'foldnorm', 'bias_scaling': 0.1478917037402111, 'lr': 0.7347734473249566, 'weight_increment': 0.0010874485956733448, 'min_window': 6, 'max_window': 8, 'use_full_instance': True, 'max_partners': 50, 'homeostasis': 'mean', 'target': 0.78, 'spread': 0.33, 'ridge': 1.3759406540194914e-06, 'gamma': 0.9963805691127792}"
