env,condition,seed,n_features,connections_per_neuron,eval_return_mean,eval_return_std,train_return_mean,train_return_last10%,best_iteration,selection_curve,time_s,params
RepeatPrevious,obs,0,4,,-0.5024999999999998,0.1225906693929935,-0.49699661590524524,-0.492808798646362,16,"[-0.5249999999999999, -0.5124999999999998, -0.4583333333333332, -0.5249999999999999, -0.5458333333333332, -0.4541666666666666, -0.48749999999999993, -0.5624999999999999, -0.5208333333333333, -0.5125, -0.4999999999999999, -0.5541666666666666, -0.4749999999999999, -0.4416666666666666, -0.5041666666666667, -0.48749999999999993, -0.4374999999999999, -0.5041666666666665, -0.48749999999999993, -0.5]",5,{}
RepeatPrevious,filterbank,0,52,,0.9991666666666674,0.005833333333333343,0.5498096446700509,0.905351099830796,1,"[0.983333333333334, 1.0000000000000004, 1.0000000000000004, 1.0000000000000004, 1.0000000000000004, 1.0000000000000004, 1.0000000000000004, 1.0000000000000004, 1.0000000000000004, 1.0000000000000004, 1.0000000000000004, 1.0000000000000004, 1.0000000000000004, 1.0000000000000004, 1.0000000000000004, 1.0000000000000004, 1.0000000000000004, 1.0000000000000004, 1.0000000000000004, 1.0000000000000004]",12,"{'decomposition': 'legendre', 'n_filters': 12, 'slowest': 0.08684574748712946}"
RepeatPrevious,filterbank+esn,0,192,3.8541666666666665,1.0000000000000007,0.0,0.549450084602369,0.905351099830796,3,"[0.9625000000000006, 0.9958333333333339, 0.9958333333333339, 1.0000000000000004, 1.0000000000000004, 1.0000000000000004, 1.0000000000000004, 1.0000000000000004, 1.0000000000000004, 1.0000000000000004, 1.0000000000000004, 1.0000000000000004, 1.0000000000000004, 1.0000000000000004, 1.0000000000000004, 1.0000000000000004, 1.0000000000000004, 1.0000000000000004, 1.0000000000000004, 1.0000000000000004]",43,"{'decomposition': 'ema', 'n_filters': 12, 'slowest': 0.0068481211016550025, 'input_scaling': 0.929634188755156, 'bias_dist': 'foldnorm', 'bias_scaling': 0.0004530104948033912, 'lr': 0.9407030287660403, 'sr': 0.9778712320759426, 'rc_connectivity': 0.020075371100608825}"
RepeatPrevious,filterbank+hag,0,208,4.855769230769231,1.0000000000000007,0.0,0.5499365482233504,0.905351099830796,1,"[0.9750000000000005, 1.0000000000000004, 1.0000000000000004, 1.0000000000000004, 1.0000000000000004, 1.0000000000000004, 1.0000000000000004, 1.0000000000000004, 1.0000000000000004, 1.0000000000000004, 1.0000000000000004, 1.0000000000000004, 1.0000000000000004, 1.0000000000000004, 1.0000000000000004, 1.0000000000000004, 1.0000000000000004, 1.0000000000000004, 1.0000000000000004, 1.0000000000000004]",49,"{'decomposition': 'legendre', 'n_filters': 12, 'slowest': 0.05503533446959869, 'input_scaling': 0.9095759553753703, 'bias_dist': 'foldnorm', 'bias_scaling': 0.04123764193322552, 'lr': 0.9047782400199377, 'weight_increment': 0.002278223530217896, 'min_window': 11, 'max_window': 59, 'use_full_instance': False, 'max_partners': 20, 'homeostasis': 'mean', 'target': 0.52, 'spread': 0.385}"
RepeatPrevious,filterbank+proj,0,208,0.0,0.9950000000000007,0.013540064007726626,0.5484031302876482,0.905351099830796,1,"[0.9041666666666671, 1.0000000000000004, 1.0000000000000004, 0.9958333333333339, 1.0000000000000004, 1.0000000000000004, 1.0000000000000004, 1.0000000000000004, 1.0000000000000004, 1.0000000000000004, 1.0000000000000004, 1.0000000000000004, 1.0000000000000004, 1.0000000000000004, 1.0000000000000004, 1.0000000000000004, 1.0000000000000004, 1.0000000000000004, 1.0000000000000004, 1.0000000000000004]",47,"{'decomposition': 'legendre', 'n_filters': 12, 'slowest': 0.05503533446959869, 'input_scaling': 0.9095759553753703, 'bias_dist': 'foldnorm', 'bias_scaling': 0.04123764193322552, 'lr': 0.9047782400199377, 'weight_increment': 0.002278223530217896, 'min_window': 11, 'max_window': 59, 'use_full_instance': False, 'max_partners': 20, 'homeostasis': 'mean', 'target': 0.52, 'spread': 0.385}"
RepeatPrevious,obs,1,4,,-0.49749999999999983,0.08795911297617526,-0.4978426395939085,-0.48815566835871393,18,"[-0.5125, -0.5083333333333331, -0.5083333333333331, -0.5166666666666666, -0.4708333333333332, -0.4624999999999998, -0.475, -0.5791666666666666, -0.4916666666666666, -0.5041666666666667, -0.4833333333333332, -0.49166666666666653, -0.5374999999999999, -0.4458333333333332, -0.5333333333333333, -0.5083333333333334, -0.4583333333333332, -0.5166666666666665, -0.44166666666666654, -0.5041666666666665]",5,{}
RepeatPrevious,filterbank,1,52,,1.0000000000000007,0.0,0.5472927241962776,0.90513959390863,1,"[0.9958333333333339, 1.0000000000000004, 1.0000000000000004, 1.0000000000000004, 1.0000000000000004, 1.0000000000000004, 1.0000000000000004, 1.0000000000000004, 1.0000000000000004, 1.0000000000000004, 1.0000000000000004, 1.0000000000000004, 1.0000000000000004, 1.0000000000000004, 1.0000000000000004, 1.0000000000000004, 1.0000000000000004, 1.0000000000000004, 1.0000000000000004, 1.0000000000000004]",12,"{'decomposition': 'legendre', 'n_filters': 12, 'slowest': 0.08684574748712946}"
RepeatPrevious,filterbank+esn,1,192,3.8541666666666665,1.0000000000000007,0.0,0.5469331641285957,0.903764805414552,1,"[0.9958333333333339, 1.0000000000000004, 1.0000000000000004, 1.0000000000000004, 1.0000000000000004, 1.0000000000000004, 0.9958333333333339, 1.0000000000000004, 1.0000000000000004, 1.0000000000000004, 1.0000000000000004, 1.0000000000000004, 1.0000000000000004, 1.0000000000000004, 1.0000000000000004, 1.0000000000000004, 0.9958333333333339, 1.0000000000000004, 0.9958333333333339, 0.9958333333333339]",44,"{'decomposition': 'ema', 'n_filters': 12, 'slowest': 0.0068481211016550025, 'input_scaling': 0.929634188755156, 'bias_dist': 'foldnorm', 'bias_scaling': 0.0004530104948033912, 'lr': 0.9407030287660403, 'sr': 0.9778712320759426, 'rc_connectivity': 0.020075371100608825}"
RepeatPrevious,filterbank+hag,1,208,4.875,0.9991666666666674,0.005833333333333344,0.547017766497462,0.90513959390863,1,"[0.9875000000000007, 1.0000000000000004, 1.0000000000000004, 1.0000000000000004, 1.0000000000000004, 1.0000000000000004, 1.0000000000000004, 1.0000000000000004, 1.0000000000000004, 1.0000000000000004, 1.0000000000000004, 1.0000000000000004, 1.0000000000000004, 1.0000000000000004, 1.0000000000000004, 1.0000000000000004, 1.0000000000000004, 1.0000000000000004, 1.0000000000000004, 1.0000000000000004]",50,"{'decomposition': 'legendre', 'n_filters': 12, 'slowest': 0.05503533446959869, 'input_scaling': 0.9095759553753703, 'bias_dist': 'foldnorm', 'bias_scaling': 0.04123764193322552, 'lr': 0.9047782400199377, 'weight_increment': 0.002278223530217896, 'min_window': 11, 'max_window': 59, 'use_full_instance': False, 'max_partners': 20, 'homeostasis': 'mean', 'target': 0.52, 'spread': 0.385}"
RepeatPrevious,filterbank+proj,1,208,0.0,1.0000000000000007,0.0,0.5458756345177666,0.905033840947547,4,"[0.9583333333333339, 0.9958333333333339, 0.9958333333333339, 0.9958333333333339, 1.0000000000000004, 1.0000000000000004, 1.0000000000000004, 1.0000000000000004, 1.0000000000000004, 1.0000000000000004, 1.0000000000000004, 1.0000000000000004, 1.0000000000000004, 1.0000000000000004, 1.0000000000000004, 1.0000000000000004, 0.9958333333333339, 1.0000000000000004, 1.0000000000000004, 1.0000000000000004]",48,"{'decomposition': 'legendre', 'n_filters': 12, 'slowest': 0.05503533446959869, 'input_scaling': 0.9095759553753703, 'bias_dist': 'foldnorm', 'bias_scaling': 0.04123764193322552, 'lr': 0.9047782400199377, 'weight_increment': 0.002278223530217896, 'min_window': 11, 'max_window': 59, 'use_full_instance': False, 'max_partners': 20, 'homeostasis': 'mean', 'target': 0.52, 'spread': 0.385}"
RepeatPrevious,obs,2,4,,-0.4891666666666666,0.09993400600173878,-0.49730329949238566,-0.5026438240270726,11,"[-0.4708333333333332, -0.5583333333333332, -0.5291666666666666, -0.4624999999999999, -0.5166666666666666, -0.4874999999999998, -0.4666666666666666, -0.4583333333333332, -0.4874999999999998, -0.44999999999999984, -0.5041666666666667, -0.43333333333333324, -0.4791666666666665, -0.5333333333333331, -0.5208333333333333, -0.4791666666666665, -0.49583333333333324, -0.5208333333333333, -0.5458333333333332, -0.5125]",6,{}
RepeatPrevious,filterbank,2,52,,1.0000000000000007,0.0,0.5497461928934011,0.9055626057529615,1,"[0.9958333333333339, 1.0000000000000004, 1.0000000000000004, 1.0000000000000004, 1.0000000000000004, 1.0000000000000004, 1.0000000000000004, 1.0000000000000004, 1.0000000000000004, 1.0000000000000004, 1.0000000000000004, 1.0000000000000004, 1.0000000000000004, 1.0000000000000004, 1.0000000000000004, 1.0000000000000004, 1.0000000000000004, 1.0000000000000004, 1.0000000000000004, 1.0000000000000004]",13,"{'decomposition': 'legendre', 'n_filters': 12, 'slowest': 0.08684574748712946}"
RepeatPrevious,filterbank+esn,2,192,3.8541666666666665,0.9991666666666674,0.005833333333333343,0.5497990693739426,0.9055626057529615,0,"[1.0000000000000004, 1.0000000000000004, 0.9958333333333339, 1.0000000000000004, 1.0000000000000004, 1.0000000000000004, 1.0000000000000004, 1.0000000000000004, 1.0000000000000004, 1.0000000000000004, 1.0000000000000004, 1.0000000000000004, 1.0000000000000004, 1.0000000000000004, 1.0000000000000004, 1.0000000000000004, 1.0000000000000004, 1.0000000000000004, 1.0000000000000004, 1.0000000000000004]",45,"{'decomposition': 'ema', 'n_filters': 12, 'slowest': 0.0068481211016550025, 'input_scaling': 0.929634188755156, 'bias_dist': 'foldnorm', 'bias_scaling': 0.0004530104948033912, 'lr': 0.9407030287660403, 'sr': 0.9778712320759426, 'rc_connectivity': 0.020075371100608825}"
RepeatPrevious,filterbank+hag,2,208,5.649038461538462,0.9991666666666674,0.005833333333333344,0.549450084602369,0.9055626057529615,1,"[0.9916666666666671, 1.0000000000000004, 1.0000000000000004, 1.0000000000000004, 1.0000000000000004, 1.0000000000000004, 1.0000000000000004, 1.0000000000000004, 1.0000000000000004, 1.0000000000000004, 1.0000000000000004, 1.0000000000000004, 1.0000000000000004, 1.0000000000000004, 1.0000000000000004, 1.0000000000000004, 1.0000000000000004, 1.0000000000000004, 1.0000000000000004, 1.0000000000000004]",51,"{'decomposition': 'legendre', 'n_filters': 12, 'slowest': 0.05503533446959869, 'input_scaling': 0.9095759553753703, 'bias_dist': 'foldnorm', 'bias_scaling': 0.04123764193322552, 'lr': 0.9047782400199377, 'weight_increment': 0.002278223530217896, 'min_window': 11, 'max_window': 59, 'use_full_instance': False, 'max_partners': 20, 'homeostasis': 'mean', 'target': 0.52, 'spread': 0.385}"
RepeatPrevious,filterbank+proj,2,208,0.0,0.9975000000000007,0.009895285072531615,0.5487838409475467,0.9055626057529615,1,"[0.9750000000000005, 1.0000000000000004, 0.9875000000000005, 1.0000000000000004, 1.0000000000000004, 1.0000000000000004, 1.0000000000000004, 1.0000000000000004, 1.0000000000000004, 1.0000000000000004, 1.0000000000000004, 1.0000000000000004, 1.0000000000000004, 1.0000000000000004, 1.0000000000000004, 1.0000000000000004, 1.0000000000000004, 1.0000000000000004, 1.0000000000000004, 1.0000000000000004]",49,"{'decomposition': 'legendre', 'n_filters': 12, 'slowest': 0.05503533446959869, 'input_scaling': 0.9095759553753703, 'bias_dist': 'foldnorm', 'bias_scaling': 0.04123764193322552, 'lr': 0.9047782400199377, 'weight_increment': 0.002278223530217896, 'min_window': 11, 'max_window': 59, 'use_full_instance': False, 'max_partners': 20, 'homeostasis': 'mean', 'target': 0.52, 'spread': 0.385}"
RepeatPrevious,obs,3,4,,-0.4991666666666666,0.10557053987211062,-0.497060067681895,-0.48413705583756333,11,"[-0.4999999999999999, -0.4624999999999999, -0.4708333333333332, -0.5083333333333332, -0.49583333333333324, -0.5791666666666667, -0.48749999999999993, -0.4583333333333332, -0.48749999999999993, -0.4708333333333332, -0.49166666666666653, -0.44999999999999984, -0.4916666666666666, -0.5541666666666666, -0.4999999999999999, -0.4833333333333332, -0.4666666666666666, -0.48749999999999993, -0.49999999999999983, -0.4833333333333332]",6,{}
RepeatPrevious,filterbank,3,52,,1.0000000000000007,0.0,0.5507719966159054,0.9126480541455164,1,"[0.9666666666666671, 1.0000000000000004, 1.0000000000000004, 1.0000000000000004, 1.0000000000000004, 1.0000000000000004, 1.0000000000000004, 1.0000000000000004, 1.0000000000000004, 1.0000000000000004, 1.0000000000000004, 1.0000000000000004, 1.0000000000000004, 1.0000000000000004, 1.0000000000000004, 1.0000000000000004, 1.0000000000000004, 1.0000000000000004, 1.0000000000000004, 1.0000000000000004]",13,"{'decomposition': 'legendre', 'n_filters': 12, 'slowest': 0.08684574748712946}"
RepeatPrevious,filterbank+esn,3,192,3.8541666666666665,0.9991666666666674,0.005833333333333343,0.5510575296108293,0.9126480541455164,1,"[0.9875000000000005, 1.0000000000000004, 1.0000000000000004, 1.0000000000000004, 1.0000000000000004, 1.0000000000000004, 1.0000000000000004, 1.0000000000000004, 1.0000000000000004, 1.0000000000000004, 1.0000000000000004, 1.0000000000000004, 1.0000000000000004, 1.0000000000000004, 1.0000000000000004, 1.0000000000000004, 1.0000000000000004, 1.0000000000000004, 1.0000000000000004, 1.0000000000000004]",44,"{'decomposition': 'ema', 'n_filters': 12, 'slowest': 0.0068481211016550025, 'input_scaling': 0.929634188755156, 'bias_dist': 'foldnorm', 'bias_scaling': 0.0004530104948033912, 'lr': 0.9407030287660403, 'sr': 0.9778712320759426, 'rc_connectivity': 0.020075371100608825}"
RepeatPrevious,filterbank+hag,3,208,4.581730769230769,0.9991666666666674,0.005833333333333343,0.5507931472081219,0.9126480541455164,1,"[0.9750000000000005, 1.0000000000000004, 1.0000000000000004, 1.0000000000000004, 1.0000000000000004, 1.0000000000000004, 1.0000000000000004, 1.0000000000000004, 1.0000000000000004, 1.0000000000000004, 1.0000000000000004, 1.0000000000000004, 1.0000000000000004, 1.0000000000000004, 1.0000000000000004, 1.0000000000000004, 1.0000000000000004, 1.0000000000000004, 1.0000000000000004, 1.0000000000000004]",50,"{'decomposition': 'legendre', 'n_filters': 12, 'slowest': 0.05503533446959869, 'input_scaling': 0.9095759553753703, 'bias_dist': 'foldnorm', 'bias_scaling': 0.04123764193322552, 'lr': 0.9047782400199377, 'weight_increment': 0.002278223530217896, 'min_window': 11, 'max_window': 59, 'use_full_instance': False, 'max_partners': 20, 'homeostasis': 'mean', 'target': 0.52, 'spread': 0.385}"
RepeatPrevious,filterbank+proj,3,208,0.0,0.9991666666666674,0.005833333333333344,0.5497144670050763,0.9126480541455164,3,"[0.9791666666666672, 0.9875000000000005, 0.9958333333333339, 1.0000000000000004, 1.0000000000000004, 1.0000000000000004, 1.0000000000000004, 1.0000000000000004, 1.0000000000000004, 1.0000000000000004, 1.0000000000000004, 1.0000000000000004, 1.0000000000000004, 1.0000000000000004, 1.0000000000000004, 1.0000000000000004, 1.0000000000000004, 1.0000000000000004, 1.0000000000000004, 1.0000000000000004]",48,"{'decomposition': 'legendre', 'n_filters': 12, 'slowest': 0.05503533446959869, 'input_scaling': 0.9095759553753703, 'bias_dist': 'foldnorm', 'bias_scaling': 0.04123764193322552, 'lr': 0.9047782400199377, 'weight_increment': 0.002278223530217896, 'min_window': 11, 'max_window': 59, 'use_full_instance': False, 'max_partners': 20, 'homeostasis': 'mean', 'target': 0.52, 'spread': 0.385}"
RepeatPrevious,obs,4,4,,-0.4841666666666665,0.10829807118421926,-0.4998307952622672,-0.5031725888324872,7,"[-0.5166666666666666, -0.4624999999999999, -0.49999999999999983, -0.5166666666666666, -0.5375, -0.4666666666666666, -0.5083333333333333, -0.4291666666666666, -0.5124999999999998, -0.5249999999999999, -0.5083333333333333, -0.5416666666666666, -0.5333333333333332, -0.5208333333333333, -0.5083333333333333, -0.49583333333333324, -0.5499999999999998, -0.5291666666666666, -0.5375, -0.5541666666666666]",6,{}
RepeatPrevious,filterbank,4,52,,1.0000000000000007,0.0,0.5525063451776651,0.9067258883248736,1,"[0.9916666666666671, 1.0000000000000004, 1.0000000000000004, 1.0000000000000004, 1.0000000000000004, 1.0000000000000004, 1.0000000000000004, 1.0000000000000004, 1.0000000000000004, 1.0000000000000004, 1.0000000000000004, 1.0000000000000004, 1.0000000000000004, 1.0000000000000004, 1.0000000000000004, 1.0000000000000004, 1.0000000000000004, 1.0000000000000004, 1.0000000000000004, 1.0000000000000004]",14,"{'decomposition': 'legendre', 'n_filters': 12, 'slowest': 0.08684574748712946}"
RepeatPrevious,filterbank+esn,4,192,3.8541666666666665,1.0000000000000007,0.0,0.55210448392555,0.9067258883248736,2,"[0.983333333333334, 0.9958333333333339, 1.0000000000000004, 1.0000000000000004, 1.0000000000000004, 1.0000000000000004, 1.0000000000000004, 1.0000000000000004, 1.0000000000000004, 1.0000000000000004, 1.0000000000000004, 1.0000000000000004, 1.0000000000000004, 1.0000000000000004, 1.0000000000000004, 1.0000000000000004, 1.0000000000000004, 1.0000000000000004, 1.0000000000000004, 1.0000000000000004]",45,"{'decomposition': 'ema', 'n_filters': 12, 'slowest': 0.0068481211016550025, 'input_scaling': 0.929634188755156, 'bias_dist': 'foldnorm', 'bias_scaling': 0.0004530104948033912, 'lr': 0.9407030287660403, 'sr': 0.9778712320759426, 'rc_connectivity': 0.020075371100608825}"
RepeatPrevious,filterbank+hag,4,208,4.264423076923077,0.9991666666666674,0.005833333333333343,0.5527284263959392,0.9067258883248736,1,"[0.983333333333334, 1.0000000000000004, 1.0000000000000004, 1.0000000000000004, 1.0000000000000004, 1.0000000000000004, 1.0000000000000004, 1.0000000000000004, 1.0000000000000004, 1.0000000000000004, 1.0000000000000004, 1.0000000000000004, 1.0000000000000004, 1.0000000000000004, 1.0000000000000004, 1.0000000000000004, 1.0000000000000004, 1.0000000000000004, 1.0000000000000004, 1.0000000000000004]",50,"{'decomposition': 'legendre', 'n_filters': 12, 'slowest': 0.05503533446959869, 'input_scaling': 0.9095759553753703, 'bias_dist': 'foldnorm', 'bias_scaling': 0.04123764193322552, 'lr': 0.9047782400199377, 'weight_increment': 0.002278223530217896, 'min_window': 11, 'max_window': 59, 'use_full_instance': False, 'max_partners': 20, 'homeostasis': 'mean', 'target': 0.52, 'spread': 0.385}"
RepeatPrevious,filterbank+proj,4,208,0.0,1.0000000000000007,0.0,0.5513007614213198,0.9067258883248736,2,"[0.9541666666666672, 0.9916666666666671, 1.0000000000000004, 0.9958333333333339, 1.0000000000000004, 1.0000000000000004, 1.0000000000000004, 1.0000000000000004, 1.0000000000000004, 1.0000000000000004, 1.0000000000000004, 1.0000000000000004, 1.0000000000000004, 0.9958333333333339, 1.0000000000000004, 1.0000000000000004, 1.0000000000000004, 1.0000000000000004, 1.0000000000000004, 1.0000000000000004]",48,"{'decomposition': 'legendre', 'n_filters': 12, 'slowest': 0.05503533446959869, 'input_scaling': 0.9095759553753703, 'bias_dist': 'foldnorm', 'bias_scaling': 0.04123764193322552, 'lr': 0.9047782400199377, 'weight_increment': 0.002278223530217896, 'min_window': 11, 'max_window': 59, 'use_full_instance': False, 'max_partners': 20, 'homeostasis': 'mean', 'target': 0.52, 'spread': 0.385}"
RepeatPrevious,obs,5,4,,-0.4949999999999999,0.08192137151629675,-0.49603426395939076,-0.5078257191201352,4,"[-0.4749999999999999, -0.4666666666666665, -0.5124999999999998, -0.4833333333333332, -0.4374999999999999, -0.525, -0.525, -0.5, -0.4791666666666665, -0.5333333333333332, -0.5083333333333333, -0.5416666666666666, -0.4791666666666665, -0.4624999999999998, -0.4916666666666666, -0.5083333333333333, -0.5333333333333332, -0.49999999999999983, -0.5791666666666666, -0.4833333333333333]",6,{}
RepeatPrevious,filterbank,5,52,,1.0000000000000007,0.0,0.5501269035532995,0.9115905245346875,1,"[0.9958333333333339, 1.0000000000000004, 1.0000000000000004, 1.0000000000000004, 1.0000000000000004, 1.0000000000000004, 1.0000000000000004, 1.0000000000000004, 1.0000000000000004, 1.0000000000000004, 1.0000000000000004, 1.0000000000000004, 1.0000000000000004, 1.0000000000000004, 1.0000000000000004, 1.0000000000000004, 1.0000000000000004, 1.0000000000000004, 1.0000000000000004, 1.0000000000000004]",14,"{'decomposition': 'legendre', 'n_filters': 12, 'slowest': 0.08684574748712946}"
RepeatPrevious,filterbank+esn,5,192,3.8541666666666665,1.0000000000000007,0.0,0.5498413705583757,0.9115905245346875,1,"[0.9875000000000005, 1.0000000000000004, 1.0000000000000004, 1.0000000000000004, 1.0000000000000004, 1.0000000000000004, 1.0000000000000004, 1.0000000000000004, 1.0000000000000004, 1.0000000000000004, 1.0000000000000004, 1.0000000000000004, 1.0000000000000004, 1.0000000000000004, 1.0000000000000004, 1.0000000000000004, 1.0000000000000004, 1.0000000000000004, 1.0000000000000004, 1.0000000000000004]",45,"{'decomposition': 'ema', 'n_filters': 12, 'slowest': 0.0068481211016550025, 'input_scaling': 0.929634188755156, 'bias_dist': 'foldnorm', 'bias_scaling': 0.0004530104948033912, 'lr': 0.9407030287660403, 'sr': 0.9778712320759426, 'rc_connectivity': 0.020075371100608825}"
RepeatPrevious,filterbank+hag,5,208,5.360576923076923,0.9991666666666674,0.005833333333333343,0.5501797800338409,0.9115905245346875,1,"[0.9916666666666671, 1.0000000000000004, 1.0000000000000004, 1.0000000000000004, 1.0000000000000004, 1.0000000000000004, 1.0000000000000004, 1.0000000000000004, 1.0000000000000004, 1.0000000000000004, 1.0000000000000004, 1.0000000000000004, 1.0000000000000004, 1.0000000000000004, 1.0000000000000004, 1.0000000000000004, 1.0000000000000004, 1.0000000000000004, 1.0000000000000004, 1.0000000000000004]",50,"{'decomposition': 'legendre', 'n_filters': 12, 'slowest': 0.05503533446959869, 'input_scaling': 0.9095759553753703, 'bias_dist': 'foldnorm', 'bias_scaling': 0.04123764193322552, 'lr': 0.9047782400199377, 'weight_increment': 0.002278223530217896, 'min_window': 11, 'max_window': 59, 'use_full_instance': False, 'max_partners': 20, 'homeostasis': 'mean', 'target': 0.52, 'spread': 0.385}"
RepeatPrevious,filterbank+proj,5,208,0.0,0.9991666666666674,0.005833333333333343,0.5485617597292726,0.9115905245346875,3,"[0.9541666666666673, 0.9750000000000008, 0.9958333333333339, 1.0000000000000004, 1.0000000000000004, 1.0000000000000004, 1.0000000000000004, 1.0000000000000004, 1.0000000000000004, 1.0000000000000004, 1.0000000000000004, 1.0000000000000004, 1.0000000000000004, 1.0000000000000004, 1.0000000000000004, 1.0000000000000004, 1.0000000000000004, 1.0000000000000004, 1.0000000000000004, 1.0000000000000004]",48,"{'decomposition': 'legendre', 'n_filters': 12, 'slowest': 0.05503533446959869, 'input_scaling': 0.9095759553753703, 'bias_dist': 'foldnorm', 'bias_scaling': 0.04123764193322552, 'lr': 0.9047782400199377, 'weight_increment': 0.002278223530217896, 'min_window': 11, 'max_window': 59, 'use_full_instance': False, 'max_partners': 20, 'homeostasis': 'mean', 'target': 0.52, 'spread': 0.385}"
RepeatPrevious,obs,6,4,,-0.5008333333333332,0.11828931106026074,-0.49357021996615896,-0.4917512690355329,3,"[-0.4791666666666665, -0.5458333333333332, -0.4999999999999999, -0.4499999999999999, -0.5083333333333332, -0.4791666666666665, -0.4916666666666666, -0.5333333333333333, -0.4708333333333333, -0.5249999999999998, -0.4541666666666665, -0.49999999999999983, -0.4749999999999998, -0.4916666666666666, -0.49166666666666653, -0.5291666666666667, -0.5083333333333332, -0.4666666666666666, -0.5458333333333332, -0.49583333333333324]",6,{}
RepeatPrevious,filterbank,6,52,,1.0000000000000007,0.0,0.5506027918781726,0.9047165820642982,1,"[0.9875000000000005, 1.0000000000000004, 1.0000000000000004, 1.0000000000000004, 1.0000000000000004, 1.0000000000000004, 1.0000000000000004, 1.0000000000000004, 1.0000000000000004, 1.0000000000000004, 1.0000000000000004, 1.0000000000000004, 1.0000000000000004, 1.0000000000000004, 1.0000000000000004, 1.0000000000000004, 1.0000000000000004, 1.0000000000000004, 1.0000000000000004, 1.0000000000000004]",13,"{'decomposition': 'legendre', 'n_filters': 12, 'slowest': 0.08684574748712946}"
RepeatPrevious,filterbank+esn,6,192,3.8541666666666665,0.9991666666666674,0.005833333333333343,0.5505922165820645,0.9047165820642982,1,"[0.9916666666666671, 1.0000000000000004, 1.0000000000000004, 1.0000000000000004, 1.0000000000000004, 1.0000000000000004, 1.0000000000000004, 1.0000000000000004, 1.0000000000000004, 1.0000000000000004, 1.0000000000000004, 1.0000000000000004, 1.0000000000000004, 1.0000000000000004, 1.0000000000000004, 1.0000000000000004, 1.0000000000000004, 1.0000000000000004, 1.0000000000000004, 1.0000000000000004]",44,"{'decomposition': 'ema', 'n_filters': 12, 'slowest': 0.0068481211016550025, 'input_scaling': 0.929634188755156, 'bias_dist': 'foldnorm', 'bias_scaling': 0.0004530104948033912, 'lr': 0.9407030287660403, 'sr': 0.9778712320759426, 'rc_connectivity': 0.020075371100608825}"
RepeatPrevious,filterbank+hag,6,208,4.288461538461538,1.0000000000000007,0.0,0.5506556683587142,0.9047165820642982,2,"[0.9750000000000005, 0.983333333333334, 1.0000000000000004, 1.0000000000000004, 1.0000000000000004, 1.0000000000000004, 1.0000000000000004, 1.0000000000000004, 1.0000000000000004, 1.0000000000000004, 1.0000000000000004, 1.0000000000000004, 1.0000000000000004, 1.0000000000000004, 1.0000000000000004, 1.0000000000000004, 1.0000000000000004, 1.0000000000000004, 1.0000000000000004, 1.0000000000000004]",50,"{'decomposition': 'legendre', 'n_filters': 12, 'slowest': 0.05503533446959869, 'input_scaling': 0.9095759553753703, 'bias_dist': 'foldnorm', 'bias_scaling': 0.04123764193322552, 'lr': 0.9047782400199377, 'weight_increment': 0.002278223530217896, 'min_window': 11, 'max_window': 59, 'use_full_instance': False, 'max_partners': 20, 'homeostasis': 'mean', 'target': 0.52, 'spread': 0.385}"
RepeatPrevious,filterbank+proj,6,208,0.0,0.9941666666666674,0.014457792977414587,0.5497356175972928,0.9046108291032153,2,"[0.9625000000000006, 0.9750000000000005, 1.0000000000000004, 0.9916666666666671, 1.0000000000000004, 1.0000000000000004, 1.0000000000000004, 1.0000000000000004, 1.0000000000000004, 1.0000000000000004, 1.0000000000000004, 1.0000000000000004, 1.0000000000000004, 0.9958333333333339, 1.0000000000000004, 1.0000000000000004, 1.0000000000000004, 1.0000000000000004, 1.0000000000000004, 1.0000000000000004]",48,"{'decomposition': 'legendre', 'n_filters': 12, 'slowest': 0.05503533446959869, 'input_scaling': 0.9095759553753703, 'bias_dist': 'foldnorm', 'bias_scaling': 0.04123764193322552, 'lr': 0.9047782400199377, 'weight_increment': 0.002278223530217896, 'min_window': 11, 'max_window': 59, 'use_full_instance': False, 'max_partners': 20, 'homeostasis': 'mean', 'target': 0.52, 'spread': 0.385}"
RepeatPrevious,obs,7,4,,-0.4874999999999999,0.10449946836653715,-0.49972504230118425,-0.5034898477157359,19,"[-0.5208333333333333, -0.5249999999999999, -0.5333333333333332, -0.4874999999999998, -0.5374999999999999, -0.5166666666666666, -0.4916666666666666, -0.5208333333333334, -0.5083333333333332, -0.5416666666666666, -0.5291666666666666, -0.5833333333333333, -0.5083333333333333, -0.5416666666666665, -0.5125, -0.5083333333333333, -0.5083333333333332, -0.5249999999999998, -0.5875, -0.4666666666666665]",6,{}
RepeatPrevious,filterbank,7,52,,1.0000000000000007,0.0,0.5502538071065991,0.9102157360406097,1,"[0.9958333333333339, 1.0000000000000004, 1.0000000000000004, 1.0000000000000004, 1.0000000000000004, 1.0000000000000004, 1.0000000000000004, 1.0000000000000004, 1.0000000000000004, 1.0000000000000004, 1.0000000000000004, 1.0000000000000004, 1.0000000000000004, 1.0000000000000004, 1.0000000000000004, 1.0000000000000004, 1.0000000000000004, 1.0000000000000004, 1.0000000000000004, 1.0000000000000004]",13,"{'decomposition': 'legendre', 'n_filters': 12, 'slowest': 0.08684574748712946}"
RepeatPrevious,filterbank+esn,7,192,3.8541666666666665,1.0000000000000007,0.0,0.5494606598984773,0.9086294416243659,2,"[0.9916666666666674, 0.9958333333333339, 1.0000000000000004, 1.0000000000000004, 1.0000000000000004, 1.0000000000000004, 1.0000000000000004, 1.0000000000000004, 1.0000000000000004, 1.0000000000000004, 1.0000000000000004, 1.0000000000000004, 1.0000000000000004, 1.0000000000000004, 1.0000000000000004, 1.0000000000000004, 0.9958333333333339, 0.9958333333333339, 1.0000000000000004, 1.0000000000000004]",44,"{'decomposition': 'ema', 'n_filters': 12, 'slowest': 0.0068481211016550025, 'input_scaling': 0.929634188755156, 'bias_dist': 'foldnorm', 'bias_scaling': 0.0004530104948033912, 'lr': 0.9407030287660403, 'sr': 0.9778712320759426, 'rc_connectivity': 0.020075371100608825}"
RepeatPrevious,filterbank+hag,7,208,5.024038461538462,0.9991666666666674,0.005833333333333344,0.5498836717428088,0.9102157360406097,2,"[0.9958333333333339, 0.9875000000000005, 1.0000000000000004, 1.0000000000000004, 1.0000000000000004, 1.0000000000000004, 1.0000000000000004, 1.0000000000000004, 1.0000000000000004, 1.0000000000000004, 1.0000000000000004, 1.0000000000000004, 1.0000000000000004, 1.0000000000000004, 1.0000000000000004, 1.0000000000000004, 1.0000000000000004, 1.0000000000000004, 1.0000000000000004, 1.0000000000000004]",50,"{'decomposition': 'legendre', 'n_filters': 12, 'slowest': 0.05503533446959869, 'input_scaling': 0.9095759553753703, 'bias_dist': 'foldnorm', 'bias_scaling': 0.04123764193322552, 'lr': 0.9047782400199377, 'weight_increment': 0.002278223530217896, 'min_window': 11, 'max_window': 59, 'use_full_instance': False, 'max_partners': 20, 'homeostasis': 'mean', 'target': 0.52, 'spread': 0.385}"
RepeatPrevious,filterbank+proj,7,208,0.0,1.0000000000000007,0.0,0.5486780879864637,0.9102157360406097,4,"[0.9666666666666671, 0.9666666666666671, 0.9958333333333339, 0.9958333333333339, 1.0000000000000004, 1.0000000000000004, 1.0000000000000004, 1.0000000000000004, 1.0000000000000004, 1.0000000000000004, 1.0000000000000004, 0.9958333333333339, 1.0000000000000004, 1.0000000000000004, 1.0000000000000004, 1.0000000000000004, 1.0000000000000004, 1.0000000000000004, 1.0000000000000004, 1.0000000000000004]",49,"{'decomposition': 'legendre', 'n_filters': 12, 'slowest': 0.05503533446959869, 'input_scaling': 0.9095759553753703, 'bias_dist': 'foldnorm', 'bias_scaling': 0.04123764193322552, 'lr': 0.9047782400199377, 'weight_increment': 0.002278223530217896, 'min_window': 11, 'max_window': 59, 'use_full_instance': False, 'max_partners': 20, 'homeostasis': 'mean', 'target': 0.52, 'spread': 0.385}"
RepeatPrevious,obs,8,4,,-0.49666666666666665,0.11721300648344833,-0.5001903553299492,-0.505710659898477,11,"[-0.49166666666666653, -0.5249999999999998, -0.49583333333333324, -0.45833333333333315, -0.5291666666666666, -0.4666666666666665, -0.49999999999999983, -0.49166666666666653, -0.5041666666666667, -0.4458333333333332, -0.5083333333333333, -0.4083333333333332, -0.5041666666666667, -0.5083333333333332, -0.525, -0.5166666666666666, -0.5291666666666666, -0.49583333333333324, -0.44166666666666654, -0.4541666666666666]",6,{}
RepeatPrevious,filterbank,8,52,,1.0000000000000007,0.0,0.5504970389170898,0.902813028764806,1,"[0.9875000000000005, 1.0000000000000004, 1.0000000000000004, 1.0000000000000004, 1.0000000000000004, 1.0000000000000004, 1.0000000000000004, 1.0000000000000004, 1.0000000000000004, 1.0000000000000004, 1.0000000000000004, 1.0000000000000004, 1.0000000000000004, 1.0000000000000004, 1.0000000000000004, 1.0000000000000004, 1.0000000000000004, 1.0000000000000004, 1.0000000000000004, 1.0000000000000004]",14,"{'decomposition': 'legendre', 'n_filters': 12, 'slowest': 0.08684574748712946}"
RepeatPrevious,filterbank+esn,8,192,3.8541666666666665,1.0000000000000007,0.0,0.5503066835871406,0.902813028764806,1,"[0.9916666666666671, 1.0000000000000004, 1.0000000000000004, 1.0000000000000004, 1.0000000000000004, 0.9958333333333339, 1.0000000000000004, 1.0000000000000004, 1.0000000000000004, 1.0000000000000004, 1.0000000000000004, 1.0000000000000004, 1.0000000000000004, 1.0000000000000004, 1.0000000000000004, 1.0000000000000004, 1.0000000000000004, 1.0000000000000004, 1.0000000000000004, 1.0000000000000004]",45,"{'decomposition': 'ema', 'n_filters': 12, 'slowest': 0.0068481211016550025, 'input_scaling': 0.929634188755156, 'bias_dist': 'foldnorm', 'bias_scaling': 0.0004530104948033912, 'lr': 0.9407030287660403, 'sr': 0.9778712320759426, 'rc_connectivity': 0.020075371100608825}"
RepeatPrevious,filterbank+hag,8,208,5.110576923076923,1.0000000000000007,0.0,0.5502115059221659,0.902813028764806,1,"[0.9875000000000005, 1.0000000000000004, 1.0000000000000004, 1.0000000000000004, 1.0000000000000004, 1.0000000000000004, 1.0000000000000004, 1.0000000000000004, 1.0000000000000004, 1.0000000000000004, 1.0000000000000004, 1.0000000000000004, 1.0000000000000004, 1.0000000000000004, 1.0000000000000004, 1.0000000000000004, 1.0000000000000004, 1.0000000000000004, 1.0000000000000004, 1.0000000000000004]",50,"{'decomposition': 'legendre', 'n_filters': 12, 'slowest': 0.05503533446959869, 'input_scaling': 0.9095759553753703, 'bias_dist': 'foldnorm', 'bias_scaling': 0.04123764193322552, 'lr': 0.9047782400199377, 'weight_increment': 0.002278223530217896, 'min_window': 11, 'max_window': 59, 'use_full_instance': False, 'max_partners': 20, 'homeostasis': 'mean', 'target': 0.52, 'spread': 0.385}"
RepeatPrevious,filterbank+proj,8,208,0.0,0.9925000000000006,0.01804700652308979,0.5488578680203047,0.902813028764806,1,"[0.9500000000000005, 1.0000000000000004, 0.9958333333333339, 1.0000000000000004, 1.0000000000000004, 1.0000000000000004, 1.0000000000000004, 1.0000000000000004, 1.0000000000000004, 1.0000000000000004, 1.0000000000000004, 1.0000000000000004, 1.0000000000000004, 1.0000000000000004, 1.0000000000000004, 1.0000000000000004, 1.0000000000000004, 1.0000000000000004, 1.0000000000000004, 1.0000000000000004]",49,"{'decomposition': 'legendre', 'n_filters': 12, 'slowest': 0.05503533446959869, 'input_scaling': 0.9095759553753703, 'bias_dist': 'foldnorm', 'bias_scaling': 0.04123764193322552, 'lr': 0.9047782400199377, 'weight_increment': 0.002278223530217896, 'min_window': 11, 'max_window': 59, 'use_full_instance': False, 'max_partners': 20, 'homeostasis': 'mean', 'target': 0.52, 'spread': 0.385}"
RepeatPrevious,obs,9,4,,-0.4958333333333331,0.10937003957005575,-0.4947440778341793,-0.4897419627749576,4,"[-0.5125, -0.4541666666666665, -0.4708333333333332, -0.4499999999999999, -0.4458333333333332, -0.4874999999999998, -0.5333333333333333, -0.5541666666666666, -0.5291666666666666, -0.4708333333333331, -0.4583333333333332, -0.5208333333333333, -0.49999999999999983, -0.5, -0.525, -0.5374999999999999, -0.5416666666666666, -0.49999999999999983, -0.5041666666666665, -0.525]",6,{}
RepeatPrevious,filterbank,9,52,,0.9991666666666674,0.005833333333333344,0.5491010998307955,0.9067258883248737,1,"[0.9791666666666673, 1.0000000000000004, 0.9958333333333339, 1.0000000000000004, 1.0000000000000004, 1.0000000000000004, 1.0000000000000004, 1.0000000000000004, 1.0000000000000004, 1.0000000000000004, 1.0000000000000004, 1.0000000000000004, 1.0000000000000004, 1.0000000000000004, 1.0000000000000004, 1.0000000000000004, 1.0000000000000004, 1.0000000000000004, 1.0000000000000004, 1.0000000000000004]",13,"{'decomposition': 'legendre', 'n_filters': 12, 'slowest': 0.08684574748712946}"
RepeatPrevious,filterbank+esn,9,192,3.8541666666666665,1.0000000000000007,0.0,0.5486569373942471,0.9064086294416249,1,"[0.9583333333333339, 1.0000000000000004, 1.0000000000000004, 1.0000000000000004, 1.0000000000000004, 1.0000000000000004, 1.0000000000000004, 1.0000000000000004, 1.0000000000000004, 1.0000000000000004, 1.0000000000000004, 1.0000000000000004, 1.0000000000000004, 1.0000000000000004, 1.0000000000000004, 1.0000000000000004, 0.9958333333333339, 1.0000000000000004, 1.0000000000000004, 1.0000000000000004]",45,"{'decomposition': 'ema', 'n_filters': 12, 'slowest': 0.0068481211016550025, 'input_scaling': 0.929634188755156, 'bias_dist': 'foldnorm', 'bias_scaling': 0.0004530104948033912, 'lr': 0.9407030287660403, 'sr': 0.9778712320759426, 'rc_connectivity': 0.020075371100608825}"
RepeatPrevious,filterbank+hag,9,208,4.548076923076923,0.9975000000000007,0.009895285072531616,0.5490270727580373,0.9067258883248737,1,"[0.9916666666666671, 1.0000000000000004, 1.0000000000000004, 1.0000000000000004, 1.0000000000000004, 1.0000000000000004, 1.0000000000000004, 1.0000000000000004, 1.0000000000000004, 1.0000000000000004, 1.0000000000000004, 1.0000000000000004, 1.0000000000000004, 1.0000000000000004, 1.0000000000000004, 1.0000000000000004, 1.0000000000000004, 1.0000000000000004, 1.0000000000000004, 1.0000000000000004]",49,"{'decomposition': 'legendre', 'n_filters': 12, 'slowest': 0.05503533446959869, 'input_scaling': 0.9095759553753703, 'bias_dist': 'foldnorm', 'bias_scaling': 0.04123764193322552, 'lr': 0.9047782400199377, 'weight_increment': 0.002278223530217896, 'min_window': 11, 'max_window': 59, 'use_full_instance': False, 'max_partners': 20, 'homeostasis': 'mean', 'target': 0.52, 'spread': 0.385}"
RepeatPrevious,filterbank+proj,9,208,0.0,0.9991666666666674,0.005833333333333344,0.5476417089678512,0.9067258883248737,3,"[0.9583333333333339, 0.9958333333333339, 0.9958333333333339, 1.0000000000000004, 1.0000000000000004, 1.0000000000000004, 1.0000000000000004, 1.0000000000000004, 1.0000000000000004, 1.0000000000000004, 1.0000000000000004, 1.0000000000000004, 1.0000000000000004, 1.0000000000000004, 1.0000000000000004, 1.0000000000000004, 1.0000000000000004, 1.0000000000000004, 1.0000000000000004, 1.0000000000000004]",45,"{'decomposition': 'legendre', 'n_filters': 12, 'slowest': 0.05503533446959869, 'input_scaling': 0.9095759553753703, 'bias_dist': 'foldnorm', 'bias_scaling': 0.04123764193322552, 'lr': 0.9047782400199377, 'weight_increment': 0.002278223530217896, 'min_window': 11, 'max_window': 59, 'use_full_instance': False, 'max_partners': 20, 'homeostasis': 'mean', 'target': 0.52, 'spread': 0.385}"
