env,condition,seed,n_features,connections_per_neuron,eval_return_mean,eval_return_std,train_return_mean,train_return_last10%,time_s,params
RepeatPrevious,obs,0,4,,-0.47833342,0.10808950704579794,-0.49942282985333064,-0.5010400804890474,423,{'learning_rate': 0.014838674612960887}
RepeatPrevious,filterbank,0,52,,0.9991666599999999,0.005833380000000002,0.965350609289061,0.9976439001528272,456,"{'learning_rate': 0.032796339045533286, 'decomposition': 'legendre', 'n_filters': 12, 'slowest': 0.08684574748712946}"
RepeatPrevious,filterbank+esn,0,192,3.8541666666666665,0.89749994,0.07782185447171251,0.8953113018435527,0.9194260117167601,485,"{'learning_rate': 0.007867184097974033, 'decomposition': 'ema', 'n_filters': 12, 'slowest': 0.0068481211016550025, 'input_scaling': 0.929634188755156, 'bias_dist': 'foldnorm', 'bias_scaling': 0.0004530104948033912, 'lr': 0.9407030287660403, 'sr': 0.9778712320759426, 'rc_connectivity': 0.020075371100608825}"
RepeatPrevious,filterbank+hag,0,208,4.855769230769231,0.8808333599999999,0.06614902132541645,0.7978861086270117,0.8878417407030056,492,"{'learning_rate': 0.01040845547643574, 'decomposition': 'legendre', 'n_filters': 12, 'slowest': 0.05503533446959869, 'input_scaling': 0.9095759553753703, 'bias_dist': 'foldnorm', 'bias_scaling': 0.04123764193322552, 'lr': 0.9047782400199377, 'weight_increment': 0.002278223530217896, 'min_window': 11, 'max_window': 59, 'use_full_instance': False, 'max_partners': 20, 'homeostasis': 'mean', 'target': 0.52, 'spread': 0.385}"
RepeatPrevious,filterbank+proj,0,208,0.0,0.9208333399999998,0.05543389907578575,0.7859204159706662,0.8612667641365258,487,"{'learning_rate': 0.01040845547643574, 'decomposition': 'legendre', 'n_filters': 12, 'slowest': 0.05503533446959869, 'input_scaling': 0.9095759553753703, 'bias_dist': 'foldnorm', 'bias_scaling': 0.04123764193322552, 'lr': 0.9047782400199377, 'weight_increment': 0.002278223530217896, 'min_window': 11, 'max_window': 59, 'use_full_instance': False, 'max_partners': 20, 'homeostasis': 'mean', 'target': 0.52, 'spread': 0.385}"
RepeatPrevious,obs,1,4,,-0.4975,0.11589320515060406,-0.5001315625891221,-0.5017193061640346,428,{'learning_rate': 0.014838674612960887}
RepeatPrevious,filterbank,1,52,,1.0,0.0,0.9665919579344061,0.9994693469179826,459,"{'learning_rate': 0.032796339045533286, 'decomposition': 'legendre', 'n_filters': 12, 'slowest': 0.08684574748712946}"
RepeatPrevious,filterbank+esn,1,192,3.8541666666666665,0.87249996,0.21753188098409484,0.8946025606029742,0.917536896586857,496,"{'learning_rate': 0.007867184097974033, 'decomposition': 'ema', 'n_filters': 12, 'slowest': 0.0068481211016550025, 'input_scaling': 0.929634188755156, 'bias_dist': 'foldnorm', 'bias_scaling': 0.0004530104948033912, 'lr': 0.9407030287660403, 'sr': 0.9778712320759426, 'rc_connectivity': 0.020075371100608825}"
RepeatPrevious,filterbank+hag,1,208,4.875,0.9474999999999999,0.04986780301797945,0.8039867183234874,0.9048225384615385,493,"{'learning_rate': 0.01040845547643574, 'decomposition': 'legendre', 'n_filters': 12, 'slowest': 0.05503533446959869, 'input_scaling': 0.9095759553753703, 'bias_dist': 'foldnorm', 'bias_scaling': 0.04123764193322552, 'lr': 0.9047782400199377, 'weight_increment': 0.002278223530217896, 'min_window': 11, 'max_window': 59, 'use_full_instance': False, 'max_partners': 20, 'homeostasis': 'mean', 'target': 0.52, 'spread': 0.385}"
RepeatPrevious,filterbank+proj,1,208,0.0,0.9091666599999999,0.05315722392699227,0.787053539672031,0.8732382363728987,494,"{'learning_rate': 0.01040845547643574, 'decomposition': 'legendre', 'n_filters': 12, 'slowest': 0.05503533446959869, 'input_scaling': 0.9095759553753703, 'bias_dist': 'foldnorm', 'bias_scaling': 0.04123764193322552, 'lr': 0.9047782400199377, 'weight_increment': 0.002278223530217896, 'min_window': 11, 'max_window': 59, 'use_full_instance': False, 'max_partners': 20, 'homeostasis': 'mean', 'target': 0.52, 'spread': 0.385}"
RepeatPrevious,obs,2,4,,-0.47999998000000005,0.1041632654381553,-0.48960455123243024,-0.48654270759042284,435,{'learning_rate': 0.014838674612960887}
RepeatPrevious,filterbank,2,52,,1.0,0.0,0.9691722555001018,0.999830190524707,462,"{'learning_rate': 0.032796339045533286, 'decomposition': 'legendre', 'n_filters': 12, 'slowest': 0.08684574748712946}"
RepeatPrevious,filterbank+esn,2,192,3.8541666666666665,0.9508332800000001,0.0550819972611887,0.9079305414035443,0.9244353515028019,493,"{'learning_rate': 0.007867184097974033, 'decomposition': 'ema', 'n_filters': 12, 'slowest': 0.0068481211016550025, 'input_scaling': 0.929634188755156, 'bias_dist': 'foldnorm', 'bias_scaling': 0.0004530104948033912, 'lr': 0.9407030287660403, 'sr': 0.9778712320759426, 'rc_connectivity': 0.020075371100608825}"
RepeatPrevious,filterbank+hag,2,208,5.649038461538462,0.91500004,0.05134301986597983,0.776235825015278,0.8497198120224148,495,"{'learning_rate': 0.01040845547643574, 'decomposition': 'legendre', 'n_filters': 12, 'slowest': 0.05503533446959869, 'input_scaling': 0.9095759553753703, 'bias_dist': 'foldnorm', 'bias_scaling': 0.04123764193322552, 'lr': 0.9047782400199377, 'weight_increment': 0.002278223530217896, 'min_window': 11, 'max_window': 59, 'use_full_instance': False, 'max_partners': 20, 'homeostasis': 'mean', 'target': 0.52, 'spread': 0.385}"
RepeatPrevious,filterbank+proj,2,208,0.0,0.92333332,0.05359303603246974,0.7739886778875533,0.8688656724401426,493,"{'learning_rate': 0.01040845547643574, 'decomposition': 'legendre', 'n_filters': 12, 'slowest': 0.05503533446959869, 'input_scaling': 0.9095759553753703, 'bias_dist': 'foldnorm', 'bias_scaling': 0.04123764193322552, 'lr': 0.9047782400199377, 'weight_increment': 0.002278223530217896, 'min_window': 11, 'max_window': 59, 'use_full_instance': False, 'max_partners': 20, 'homeostasis': 'mean', 'target': 0.52, 'spread': 0.385}"
RepeatPrevious,obs,3,4,,-0.4875,0.08946212109714369,-0.492851141525769,-0.4943751034131431,436,{'learning_rate': 0.014838674612960887}
RepeatPrevious,filterbank,3,52,,0.9974999800000001,0.00989536423481218,0.9633198941739662,0.9961580703005604,465,"{'learning_rate': 0.032796339045533286, 'decomposition': 'legendre', 'n_filters': 12, 'slowest': 0.08684574748712946}"
RepeatPrevious,filterbank+esn,3,192,3.8541666666666665,0.7774999800000001,0.3125399885348747,0.9063857653799144,0.9133765894039734,497,"{'learning_rate': 0.007867184097974033, 'decomposition': 'ema', 'n_filters': 12, 'slowest': 0.0068481211016550025, 'input_scaling': 0.929634188755156, 'bias_dist': 'foldnorm', 'bias_scaling': 0.0004530104948033912, 'lr': 0.9407030287660403, 'sr': 0.9778712320759426, 'rc_connectivity': 0.020075371100608825}"
RepeatPrevious,filterbank+hag,3,208,4.581730769230769,0.93750002,0.04350118453122397,0.8159927338561825,0.9064993988792664,494,"{'learning_rate': 0.01040845547643574, 'decomposition': 'legendre', 'n_filters': 12, 'slowest': 0.05503533446959869, 'input_scaling': 0.9095759553753703, 'bias_dist': 'foldnorm', 'bias_scaling': 0.04123764193322552, 'lr': 0.9047782400199377, 'weight_increment': 0.002278223530217896, 'min_window': 11, 'max_window': 59, 'use_full_instance': False, 'max_partners': 20, 'homeostasis': 'mean', 'target': 0.52, 'spread': 0.385}"
RepeatPrevious,filterbank+proj,3,208,0.0,0.9016667000000002,0.044690328310832535,0.789990323487472,0.8757429139072849,489,"{'learning_rate': 0.01040845547643574, 'decomposition': 'legendre', 'n_filters': 12, 'slowest': 0.05503533446959869, 'input_scaling': 0.9095759553753703, 'bias_dist': 'foldnorm', 'bias_scaling': 0.04123764193322552, 'lr': 0.9047782400199377, 'weight_increment': 0.002278223530217896, 'min_window': 11, 'max_window': 59, 'use_full_instance': False, 'max_partners': 20, 'homeostasis': 'mean', 'target': 0.52, 'spread': 0.385}"
RepeatPrevious,obs,4,4,,-0.48166668,0.1253217633847274,-0.4921933342839683,-0.4908940397350993,438,{'learning_rate': 0.014838674612960887}
RepeatPrevious,filterbank,4,52,,1.0,0.0,0.9627575755245467,0.998047197656648,460,"{'learning_rate': 0.032796339045533286, 'decomposition': 'legendre', 'n_filters': 12, 'slowest': 0.08684574748712946}"
RepeatPrevious,filterbank+esn,4,192,3.8541666666666665,0.9516666,0.07470309528045006,0.8791271696883274,0.9000042154865002,495,"{'learning_rate': 0.007867184097974033, 'decomposition': 'ema', 'n_filters': 12, 'slowest': 0.0068481211016550025, 'input_scaling': 0.929634188755156, 'bias_dist': 'foldnorm', 'bias_scaling': 0.0004530104948033912, 'lr': 0.9407030287660403, 'sr': 0.9778712320759426, 'rc_connectivity': 0.020075371100608825}"
RepeatPrevious,filterbank+hag,4,208,4.264423076923077,0.93833328,0.04102835848631529,0.8014488661132614,0.8955679903209374,498,"{'learning_rate': 0.01040845547643574, 'decomposition': 'legendre', 'n_filters': 12, 'slowest': 0.05503533446959869, 'input_scaling': 0.9095759553753703, 'bias_dist': 'foldnorm', 'bias_scaling': 0.04123764193322552, 'lr': 0.9047782400199377, 'weight_increment': 0.002278223530217896, 'min_window': 11, 'max_window': 59, 'use_full_instance': False, 'max_partners': 20, 'homeostasis': 'mean', 'target': 0.52, 'spread': 0.385}"
RepeatPrevious,filterbank+proj,4,208,0.0,0.9283332999999999,0.04490719689994021,0.7843841230902424,0.8816437376464595,498,"{'learning_rate': 0.01040845547643574, 'decomposition': 'legendre', 'n_filters': 12, 'slowest': 0.05503533446959869, 'input_scaling': 0.9095759553753703, 'bias_dist': 'foldnorm', 'bias_scaling': 0.04123764193322552, 'lr': 0.9047782400199377, 'weight_increment': 0.002278223530217896, 'min_window': 11, 'max_window': 59, 'use_full_instance': False, 'max_partners': 20, 'homeostasis': 'mean', 'target': 0.52, 'spread': 0.385}"
RepeatPrevious,obs,5,4,,-0.49416662,0.08975665564957064,-0.4995628819005907,-0.49963916556291393,432,{'learning_rate': 0.014838674612960887}
RepeatPrevious,filterbank,5,52,,0.9333333400000001,0.054006129282373125,0.9201848409553879,0.96775763932756,467,"{'learning_rate': 0.032796339045533286, 'decomposition': 'legendre', 'n_filters': 12, 'slowest': 0.08684574748712946}"
RepeatPrevious,filterbank+esn,5,192,3.8541666666666665,0.92583336,0.08510206003540924,0.8833243813913221,0.8858888945491594,491,"{'learning_rate': 0.007867184097974033, 'decomposition': 'ema', 'n_filters': 12, 'slowest': 0.0068481211016550025, 'input_scaling': 0.929634188755156, 'bias_dist': 'foldnorm', 'bias_scaling': 0.0004530104948033912, 'lr': 0.9407030287660403, 'sr': 0.9778712320759426, 'rc_connectivity': 0.020075371100608825}"
RepeatPrevious,filterbank+hag,5,208,5.360576923076923,0.9333333,0.04999998333409722,0.8158760213383581,0.9195958344370861,496,"{'learning_rate': 0.01040845547643574, 'decomposition': 'legendre', 'n_filters': 12, 'slowest': 0.05503533446959869, 'input_scaling': 0.9095759553753703, 'bias_dist': 'foldnorm', 'bias_scaling': 0.04123764193322552, 'lr': 0.9047782400199377, 'weight_increment': 0.002278223530217896, 'min_window': 11, 'max_window': 59, 'use_full_instance': False, 'max_partners': 20, 'homeostasis': 'mean', 'target': 0.52, 'spread': 0.385}"
RepeatPrevious,filterbank+proj,5,208,0.0,0.9150000600000001,0.044845316614964374,0.7896847613566917,0.8906860163015793,491,"{'learning_rate': 0.01040845547643574, 'decomposition': 'legendre', 'n_filters': 12, 'slowest': 0.05503533446959869, 'input_scaling': 0.9095759553753703, 'bias_dist': 'foldnorm', 'bias_scaling': 0.04123764193322552, 'lr': 0.9047782400199377, 'weight_increment': 0.002278223530217896, 'min_window': 11, 'max_window': 59, 'use_full_instance': False, 'max_partners': 20, 'homeostasis': 'mean', 'target': 0.52, 'spread': 0.385}"
RepeatPrevious,obs,6,4,,-0.47833332000000006,0.11584234727550025,-0.4925179948563862,-0.4887077682119205,435,{'learning_rate': 0.014838674612960887}
RepeatPrevious,filterbank,6,52,,1.0,0.0,0.9680497365043798,0.9995330239429444,463,"{'learning_rate': 0.032796339045533286, 'decomposition': 'legendre', 'n_filters': 12, 'slowest': 0.08684574748712946}"
RepeatPrevious,filterbank+esn,6,192,3.8541666666666665,0.9791665999999999,0.03033380036329111,0.8993536144836015,0.935090811003566,498,"{'learning_rate': 0.007867184097974033, 'decomposition': 'ema', 'n_filters': 12, 'slowest': 0.0068481211016550025, 'input_scaling': 0.929634188755156, 'bias_dist': 'foldnorm', 'bias_scaling': 0.0004530104948033912, 'lr': 0.9407030287660403, 'sr': 0.9778712320759426, 'rc_connectivity': 0.020075371100608825}"
RepeatPrevious,filterbank+hag,6,208,4.288461538461538,0.92249996,0.05893147546157656,0.8116236303727847,0.9087281136016301,491,"{'learning_rate': 0.01040845547643574, 'decomposition': 'legendre', 'n_filters': 12, 'slowest': 0.05503533446959869, 'input_scaling': 0.9095759553753703, 'bias_dist': 'foldnorm', 'bias_scaling': 0.04123764193322552, 'lr': 0.9047782400199377, 'weight_increment': 0.002278223530217896, 'min_window': 11, 'max_window': 59, 'use_full_instance': False, 'max_partners': 20, 'homeostasis': 'mean', 'target': 0.52, 'spread': 0.385}"
RepeatPrevious,filterbank+proj,6,208,0.0,0.9166666800000001,0.05335931138215336,0.7932347854451008,0.8927874065206318,491,"{'learning_rate': 0.01040845547643574, 'decomposition': 'legendre', 'n_filters': 12, 'slowest': 0.05503533446959869, 'input_scaling': 0.9095759553753703, 'bias_dist': 'foldnorm', 'bias_scaling': 0.04123764193322552, 'lr': 0.9047782400199377, 'weight_increment': 0.002278223530217896, 'min_window': 11, 'max_window': 59, 'use_full_instance': False, 'max_partners': 20, 'homeostasis': 'mean', 'target': 0.52, 'spread': 0.385}"
RepeatPrevious,obs,7,4,,-0.48250002,0.11306640934556823,-0.4930039224383785,-0.4962005476311768,434,{'learning_rate': 0.014838674612960887}
RepeatPrevious,filterbank,7,52,,1.0,0.0,0.9341260758810347,0.9997877381558838,460,"{'learning_rate': 0.032796339045533286, 'decomposition': 'legendre', 'n_filters': 12, 'slowest': 0.08684574748712946}"
RepeatPrevious,filterbank+esn,7,192,3.8541666666666665,0.8958333,0.1179246899510446,0.886004412864127,0.9145652429954152,490,"{'learning_rate': 0.007867184097974033, 'decomposition': 'ema', 'n_filters': 12, 'slowest': 0.0068481211016550025, 'input_scaling': 0.929634188755156, 'bias_dist': 'foldnorm', 'bias_scaling': 0.0004530104948033912, 'lr': 0.9407030287660403, 'sr': 0.9778712320759426, 'rc_connectivity': 0.020075371100608825}"
RepeatPrevious,filterbank+hag,7,208,5.024038461538462,0.9483332400000001,0.04129829590312898,0.8153943422794867,0.9054168716250636,494,"{'learning_rate': 0.01040845547643574, 'decomposition': 'legendre', 'n_filters': 12, 'slowest': 0.05503533446959869, 'input_scaling': 0.9095759553753703, 'bias_dist': 'foldnorm', 'bias_scaling': 0.04123764193322552, 'lr': 0.9047782400199377, 'weight_increment': 0.002278223530217896, 'min_window': 11, 'max_window': 59, 'use_full_instance': False, 'max_partners': 20, 'homeostasis': 'mean', 'target': 0.52, 'spread': 0.385}"
RepeatPrevious,filterbank+proj,7,208,0.0,0.8925,0.06671348356187076,0.7897569063964147,0.8868865618950587,492,"{'learning_rate': 0.01040845547643574, 'decomposition': 'legendre', 'n_filters': 12, 'slowest': 0.05503533446959869, 'input_scaling': 0.9095759553753703, 'bias_dist': 'foldnorm', 'bias_scaling': 0.04123764193322552, 'lr': 0.9047782400199377, 'weight_increment': 0.002278223530217896, 'min_window': 11, 'max_window': 59, 'use_full_instance': False, 'max_partners': 20, 'homeostasis': 'mean', 'target': 0.52, 'spread': 0.385}"
RepeatPrevious,obs,8,4,,-0.47833336000000004,0.11524131223007832,-0.4931970181299653,-0.49371709780947526,434,{'learning_rate': 0.014838674612960887}
RepeatPrevious,filterbank,8,52,,1.0,0.0,0.9610621377571807,0.9987901074885379,464,"{'learning_rate': 0.032796339045533286, 'decomposition': 'legendre', 'n_filters': 12, 'slowest': 0.08684574748712946}"
RepeatPrevious,filterbank+esn,8,192,3.8541666666666665,0.9191666399999999,0.11005364409155381,0.8890090984416378,0.9296144926133468,492,"{'learning_rate': 0.007867184097974033, 'decomposition': 'ema', 'n_filters': 12, 'slowest': 0.0068481211016550025, 'input_scaling': 0.929634188755156, 'bias_dist': 'foldnorm', 'bias_scaling': 0.0004530104948033912, 'lr': 0.9407030287660403, 'sr': 0.9778712320759426, 'rc_connectivity': 0.020075371100608825}"
RepeatPrevious,filterbank+hag,8,208,5.110576923076923,0.9166667000000001,0.04330119321000288,0.7846430036667346,0.8834904014263882,490,"{'learning_rate': 0.01040845547643574, 'decomposition': 'legendre', 'n_filters': 12, 'slowest': 0.05503533446959869, 'input_scaling': 0.9095759553753703, 'bias_dist': 'foldnorm', 'bias_scaling': 0.04123764193322552, 'lr': 0.9047782400199377, 'weight_increment': 0.002278223530217896, 'min_window': 11, 'max_window': 59, 'use_full_instance': False, 'max_partners': 20, 'homeostasis': 'mean', 'target': 0.52, 'spread': 0.385}"
RepeatPrevious,filterbank+proj,8,208,0.0,0.93416668,0.048655507625525805,0.7808786578732939,0.8821956041772796,493,"{'learning_rate': 0.01040845547643574, 'decomposition': 'legendre', 'n_filters': 12, 'slowest': 0.05503533446959869, 'input_scaling': 0.9095759553753703, 'bias_dist': 'foldnorm', 'bias_scaling': 0.04123764193322552, 'lr': 0.9047782400199377, 'weight_increment': 0.002278223530217896, 'min_window': 11, 'max_window': 59, 'use_full_instance': False, 'max_partners': 20, 'homeostasis': 'mean', 'target': 0.52, 'spread': 0.385}"
RepeatPrevious,obs,9,4,,-0.4916667,0.07728019007384752,-0.49127240833163577,-0.49286805858380023,435,{'learning_rate': 0.014838674612960887}
RepeatPrevious,filterbank,9,52,,1.0,0.0,0.9619724574760643,0.999341989811513,464,"{'learning_rate': 0.032796339045533286, 'decomposition': 'legendre', 'n_filters': 12, 'slowest': 0.08684574748712946}"
RepeatPrevious,filterbank+esn,9,192,3.8541666666666665,0.94749994,0.05762063991744972,0.8951670048380524,0.9301663703515027,493,"{'learning_rate': 0.007867184097974033, 'decomposition': 'ema', 'n_filters': 12, 'slowest': 0.0068481211016550025, 'input_scaling': 0.929634188755156, 'bias_dist': 'foldnorm', 'bias_scaling': 0.0004530104948033912, 'lr': 0.9407030287660403, 'sr': 0.9778712320759426, 'rc_connectivity': 0.020075371100608825}"
RepeatPrevious,filterbank+hag,9,208,4.548076923076923,0.92249998,0.04488407549921909,0.7936273468119781,0.8869502379011717,476,"{'learning_rate': 0.01040845547643574, 'decomposition': 'legendre', 'n_filters': 12, 'slowest': 0.05503533446959869, 'input_scaling': 0.9095759553753703, 'bias_dist': 'foldnorm', 'bias_scaling': 0.04123764193322552, 'lr': 0.9047782400199377, 'weight_increment': 0.002278223530217896, 'min_window': 11, 'max_window': 59, 'use_full_instance': False, 'max_partners': 20, 'homeostasis': 'mean', 'target': 0.52, 'spread': 0.385}"
RepeatPrevious,filterbank+proj,9,208,0.0,0.9424999599999999,0.0470592753883695,0.7806346327154206,0.8925114498217015,477,"{'learning_rate': 0.01040845547643574, 'decomposition': 'legendre', 'n_filters': 12, 'slowest': 0.05503533446959869, 'input_scaling': 0.9095759553753703, 'bias_dist': 'foldnorm', 'bias_scaling': 0.04123764193322552, 'lr': 0.9047782400199377, 'weight_increment': 0.002278223530217896, 'min_window': 11, 'max_window': 59, 'use_full_instance': False, 'max_partners': 20, 'homeostasis': 'mean', 'target': 0.52, 'spread': 0.385}"
