dataset,function,max_W_diff,run_algorithm_mean_%,run_algorithm_std_%,run_algorithm_time_s,HAGReservoir_mean_%,HAGReservoir_std_%,HAGReservoir_time_s,JaxHAGReservoir_mean_%,JaxHAGReservoir_std_%,JaxHAGReservoir_time_s
JapaneseVowels,mean_hag,0.0,98.14189189189189,0.16202133524705373,9,97.9391891891892,0.2316099527162491,10,98.07432432432432,0.2505472461856651,6
JapaneseVowels,var_hag,0.0,98.9527027027027,0.3151141571989455,13,98.85135135135134,0.26168806393293087,13,98.51351351351352,0.35753396095467493,6
CatsDogs,mean_hag,0.0,69.35975609756098,1.209947245913682,37,69.66463414634146,1.0450692988416235,38,69.35975609756098,1.2844740507890766,21
CatsDogs,var_hag,0.0,68.90243902439023,1.0111660946205454,31,68.82621951219512,1.4441536068213694,31,69.28353658536585,1.0966078178306486,21
FSDD,mean_hag,0.0,46.662499999999994,1.4738872921631414,45,46.025000000000006,1.2803808027301866,52,46.6875,1.7968288037539908,24
FSDD,var_hag,0.0,46.7125,3.323566420278073,99,44.9,1.1302654555457325,102,45.525000000000006,2.6075611210477887,57
SpokenArabicDigits,mean_hag,0.0,95.38426557526148,0.41242285464340733,53,95.60027285129604,0.39758318440304,54,95.36152796725784,0.36451158576356224,55
SpokenArabicDigits,var_hag,0.0,95.94133697135061,0.3237615021804943,70,95.80491132332878,0.3197444545344525,71,95.71964529331514,0.2798088784501824,40
SPEECHCOMMANDS,mean_hag,0.0,13.015674693321216,2.7079970383774965,1001,12.200136301681054,4.100926611087276,1035,13.120172648796002,3.7554801189217835,1016
SPEECHCOMMANDS,var_hag,0.0,30.99727396637892,0.4904072693167152,1352,30.996138119036804,0.5964042258739677,18636,30.920036347114944,0.615084146672065,1098
