dataset,function,units,block_size,off_diagonal_connectivity,nonempty_off_diagonal_blocks_%,distributions,time_s,hag_mean_%,hag_std_%,hag_spectral_radius,resampled_mean_%,resampled_std_%,resampled_spectral_radius,no_off_diagonal_mean_%,no_off_diagonal_std_%,no_off_diagonal_spectral_radius
JapaneseVowels,mean_hag,504,42,0.00025070002748574173,22.15909090909091,"{'halfnormal': 4, 'constant': 229, 'uniform': 1}",13,98.14189189189189,0.16202133524705373,1.0145380061287979,98.04054054054055,0.26168806393293625,1.01466049758688,98.1081081081081,0.19110994086123104,1.0145245087306416
JapaneseVowels,var_hag,504,42,0.00034249811035525326,37.21590909090909,"{'constant': 382, 'halfnormal': 8, 'uniform': 2, 'exponential': 1}",15,98.9527027027027,0.3151141571989455,1.1008105054611348,99.1891891891892,0.2702702702702717,1.1007997492801906,98.91891891891892,0.3021713483107818,1.1007997470268367
CatsDogs,mean_hag,500,25,0.0,0.0,{},44,69.35975609756098,1.209947245913682,1.0120000000000045,69.35975609756098,1.209947245913682,1.0120000000000045,69.35975609756098,1.209947245913682,1.0120000000000045
CatsDogs,var_hag,500,25,0.0001778947368421053,6.842105263157895,"{'constant': 170, 'exponential': 20, 'halfnormal': 18}",39,68.90243902439023,1.0111660946205454,1.5564368955161216,69.1310975609756,1.0082893715947343,1.5564291293829284,69.0548780487805,0.9996095311435946,1.556429128254721
FSDD,mean_hag,500,25,2.210526315789474e-05,1.381578947368421,{'constant': 42},59,46.662499999999994,1.4738872921631414,0.9766676813468506,46.9,1.5099668870541487,0.9766676813468488,46.650000000000006,1.7255433926737391,0.9766676813468456
FSDD,var_hag,500,25,0.025907894736842105,97.36842105263158,"{'exponential': 2255, 'constant': 570, 'uniform': 31, 'halfnormal': 104}",109,46.7125,3.323566420278073,2.449709532099699,24.337500000000002,2.0303555723074718,2.502471029040601,46.699999999999996,3.4881943753179816,2.4497095125789445
SpokenArabicDigits,mean_hag,507,39,0.0013381041487550364,70.03205128205128,"{'constant': 789, 'halfnormal': 48, 'uniform': 27, 'exponential': 10}",99,95.38426557526148,0.41242285464340733,1.0207349929888654,95.31605275125057,0.3996906737436764,1.0254716286674286,95.4467939972715,0.24640423830938055,1.0202489982798983
SpokenArabicDigits,var_hag,507,39,0.004647541259967296,75.24038461538461,"{'halfnormal': 143, 'constant': 275, 'uniform': 65, 'exponential': 456}",117,95.94133697135061,0.3237615021804943,2.227514088205084,93.86084583901774,4.959978703738981,2.1826006413955543,95.9299681673488,0.2858073008180211,2.182097755090031
SPEECHCOMMANDS,mean_hag,500,25,4.736842105263159e-06,0.2631578947368421,{'constant': 8},2631,13.015674693321216,2.7079970383774965,1.0085716830777824,13.363243980009088,3.1580541539500593,1.0085716830777822,12.27964561562926,3.9757095725807434,1.0085716830777813
SPEECHCOMMANDS,var_hag,500,25,0.011238421052631578,36.67763157894737,"{'constant': 270, 'exponential': 738, 'uniform': 43, 'halfnormal': 64}",2813,30.99727396637892,0.4904072693167152,1.9922586055993836,26.75034075420264,2.6841798280722533,1.9672850712207748,30.834847796456156,0.2894583881927375,1.967226392332086
