Dataset,Function,Mapping,Representation,Average Score,Standard Deviation,Date
CatsDogs,random_ee,random,mfcc,65.39634 %,± 0.95198 %,2025-12-19
CatsDogs,random_ei,random,mfcc,63.33841 %,± 0.77354 %,2025-12-19
CatsDogs,ip_correct,random,mfcc,63.64329 %,± 1.17833 %,2025-12-19
CatsDogs,anti-oja_fast,random,mfcc,63.03354 %,± 0.7429 %,2025-12-19
CatsDogs,ip-anti-oja_fast,random,mfcc,63.94817 %,± 1.07521 %,2025-12-19
CatsDogs,hadsp,random,mfcc,66.92073 %,± 1.48579 %,2025-12-19
CatsDogs,desp,random,mfcc,65.54878 %,± 0.80663 %,2025-12-19
CatsDogs,random_ee,modular,mfcc,67.9878 %,± 0.60976 %,2025-12-19
CatsDogs,random_ei,modular,mfcc,66.15854 %,± 0.91463 %,2025-12-19
CatsDogs,ip_correct,modular,mfcc,65.70122 %,± 2.95197 %,2025-12-19
CatsDogs,anti-oja_fast,modular,mfcc,67.30183 %,± 1.72297 %,2025-12-19
CatsDogs,ip-anti-oja_fast,modular,mfcc,65.77744 %,± 1.89018 %,2025-12-19
CatsDogs,hadsp,modular,mfcc,69.58841 %,± 0.77354 %,2025-12-19
CatsDogs,desp,modular,mfcc,67.75915 %,± 1.27312 %,2025-12-19
FSDD,random_ee,random,mfcc,15.6125 %,± 0.72187 %,2025-12-19
FSDD,random_ei,random,mfcc,19.5375 %,± 0.87598 %,2025-12-19
FSDD,ip_correct,random,mfcc,22.2625 %,± 1.76418 %,2025-12-19
FSDD,anti-oja_fast,random,mfcc,24.7125 %,± 1.88709 %,2025-12-19
FSDD,ip-anti-oja_fast,random,mfcc,19.375 %,± 1.23567 %,2025-12-19
FSDD,hadsp,random,mfcc,16.55 %,± 0.72111 %,2025-12-19
FSDD,desp,random,mfcc,12.725 %,± 0.44371 %,2025-12-19
FSDD,random_ee,modular,mfcc,17.75 %,± 0.75166 %,2025-12-19
FSDD,random_ei,modular,mfcc,24.525 %,± 1.74051 %,2025-12-19
FSDD,ip_correct,modular,mfcc,21.625 %,± 1.45323 %,2025-12-19
FSDD,anti-oja_fast,modular,mfcc,25.3875 %,± 1.48529 %,2025-12-19
FSDD,ip-anti-oja_fast,modular,mfcc,23.425 %,± 2.56405 %,2025-12-19
FSDD,hadsp,modular,mfcc,46.65 %,± 1.55483 %,2025-12-19
FSDD,desp,modular,mfcc,47.7625 %,± 2.47585 %,2025-12-19
JapaneseVowels,random_ee,random,mfcc,96.58784 %,± 0.1881 %,2025-12-19
JapaneseVowels,random_ei,random,mfcc,97.5 %,± 0.29452 %,2025-12-19
JapaneseVowels,ip_correct,random,mfcc,95.94595 %,± 0.55718 %,2025-12-19
JapaneseVowels,anti-oja_fast,random,mfcc,97.33108 %,± 0.36854 %,2025-12-19
JapaneseVowels,ip-anti-oja_fast,random,mfcc,96.65541 %,± 0.58807 %,2025-12-19
JapaneseVowels,hadsp,random,mfcc,95.37162 %,± 0.16202 %,2025-12-19
JapaneseVowels,desp,random,mfcc,96.48649 %,± 0.19111 %,2025-12-19
JapaneseVowels,random_ee,modular,mfcc,97.09459 %,± 0.32404 %,2025-12-19
JapaneseVowels,random_ei,modular,mfcc,97.93919 %,± 0.44692 %,2025-12-19
JapaneseVowels,ip_correct,modular,mfcc,96.79054 %,± 0.41514 %,2025-12-19
JapaneseVowels,anti-oja_fast,modular,mfcc,97.02703 %,± 0.40541 %,2025-12-19
JapaneseVowels,ip-anti-oja_fast,modular,mfcc,96.89189 %,± 0.40541 %,2025-12-19
JapaneseVowels,hadsp,modular,mfcc,97.93919 %,± 0.4669 %,2025-12-19
JapaneseVowels,desp,modular,mfcc,98.75 %,± 0.26815 %,2025-12-19
CatsDogs,random_ee,random,custom,49.31402 %,± 0.71093 %,2025-12-22
CatsDogs,random_ei,random,custom,53.5061 %,± 0.50558 %,2025-12-22
CatsDogs,ip_correct,random,custom,42.45427 %,± 2.3994 %,2025-12-22
CatsDogs,anti-oja_fast,random,custom,49.92378 %,± 3.08571 %,2025-12-23
CatsDogs,ip-anti-oja_fast,random,custom,47.86585 %,± 0.43116 %,2025-12-24
CatsDogs,desp,random,custom,48.78049 %,± 0.0 %,2025-12-24
CatsDogs,hadsp,random,custom,47.02744 %,± 0.77354 %,2025-12-24
CatsDogs,random_ee,modular,custom,51.75305 %,± 0.47599 %,2025-12-24
CatsDogs,random_ei,modular,custom,50.15244 %,± 0.40332 %,2025-12-24
CatsDogs,ip_correct,modular,custom,51.67683 %,± 0.66447 %,2025-12-24
CatsDogs,anti-oja_fast,modular,custom,51.67683 %,± 0.95198 %,2025-12-24
CatsDogs,ip-anti-oja_fast,modular,custom,50.0 %,± 0.0 %,2025-12-24
CatsDogs,desp,modular,custom,51.14329 %,± 0.36554 %,2025-12-24
CatsDogs,hadsp,modular,custom,52.05793 %,± 0.42437 %,2025-12-25
CatsDogs,random_ee,random,none,53.8872 %,± 0.52253 %,2025-12-25
CatsDogs,random_ei,random,none,52.66768 %,± 5.07361 %,2025-12-25
CatsDogs,ip_correct,random,none,44.66463 %,± 3.9722 %,2025-12-25
CatsDogs,anti-oja_fast,random,none,54.19207 %,± 0.47599 %,2025-12-26
CatsDogs,ip-anti-oja_fast,random,none,50.0 %,± 0.0 %,2025-12-26
CatsDogs,desp,random,none,54.87805 %,± 0.80663 %,2025-12-26
CatsDogs,hadsp,random,none,53.5061 %,± 1.42186 %,2025-12-26
CatsDogs,random_ee,modular,none,53.58232 %,± 0.20166 %,2025-12-26
CatsDogs,random_ei,modular,none,50.30488 %,± 0.30488 %,2025-12-26
CatsDogs,ip_correct,modular,none,44.89329 %,± 3.13799 %,2025-12-26
CatsDogs,anti-oja_fast,modular,none,53.125 %,± 0.36554 %,2025-12-26
